y,g_hat,dg_hat
-1.000000000000000000e+00,0.000000000000000000e+00,-2.934314920674530036e-05
-9.989999999999999991e-01,-1.022235298821653030e-05,-2.041536282722629381e-02
-9.979999999999999982e-01,-4.083072565445263104e-05,-4.075748996024403104e-02
-9.969999999999999973e-01,-9.173733290870467844e-05,-6.101199306649338072e-02
-9.959999999999999964e-01,-1.628547117874395186e-04,-8.117919198731705921e-02
-9.949999999999999956e-01,-2.540957168833389590e-04,-1.012594020155611757e-01
-9.939999999999999947e-01,-3.653735158185620713e-04,-1.212529339400328643e-01
-9.929999999999999938e-01,-4.966015847634049594e-04,-1.411600940880842203e-01
-9.919999999999999929e-01,-6.476937039947308584e-04,-1.609811843681469568e-01
-9.909999999999999920e-01,-8.185639534996991349e-04,-1.807165023129517767e-01
-9.899999999999999911e-01,-1.009126708620634773e-03,-2.003663411213392753e-01
-9.889999999999999902e-01,-1.219296635742378150e-03,-2.199309897007944992e-01
-9.879999999999999893e-01,-1.448988688022224275e-03,-2.394107327087203752e-01
-9.869999999999999885e-01,-1.698118101159819433e-03,-2.588058505951980059e-01
-9.859999999999999876e-01,-1.966600389212620672e-03,-2.781166196431680282e-01
-9.849999999999999867e-01,-2.254351340446156000e-03,-2.973433120090107629e-01
-9.839999999999999858e-01,-2.561287013230642909e-03,-3.164861957654598879e-01
-9.829999999999999849e-01,-2.887323731977076407e-03,-3.355455349409657284e-01
-9.819999999999999840e-01,-3.232378083112575143e-03,-3.545215895595617006e-01
-9.809999999999999831e-01,-3.596366911096200367e-03,-3.734146156813764605e-01
-9.799999999999999822e-01,-3.979207314475328820e-03,-3.922248654435709359e-01
-9.789999999999999813e-01,-4.380816641983343272e-03,-4.109525870983805618e-01
-9.779999999999999805e-01,-4.801112488672090381e-03,-4.295980250530364586e-01
-9.769999999999999796e-01,-5.240012692089416647e-03,-4.481614199100354412e-01
-9.759999999999999787e-01,-5.697435328492162117e-03,-4.666430085041408660e-01
-9.749999999999999778e-01,-6.173298709097699635e-03,-4.850430239421625878e-01
-9.739999999999999769e-01,-6.667521376376489041e-03,-5.033616956419404431e-01
-9.729999999999999760e-01,-7.180022100381581833e-03,-5.215992493693177856e-01
-9.719999999999999751e-01,-7.710719875115124890e-03,-5.397559072767315058e-01
-9.709999999999999742e-01,-8.259533914935045587e-03,-5.578318879408774578e-01
-9.699999999999999734e-01,-8.826383650996881547e-03,-5.758274064004176296e-01
-9.689999999999999725e-01,-9.411188727735882859e-03,-5.937426741933409247e-01
-9.679999999999999716e-01,-1.001386899938356417e-02,-6.115778993934242180e-01
-9.669999999999999707e-01,-1.063434452652273210e-02,-6.293332866473502207e-01
-9.659999999999999698e-01,-1.127253557267826611e-02,-6.470090372119736699e-01
-9.649999999999999689e-01,-1.192836260094668095e-02,-6.646053489896530664e-01
-9.639999999999999680e-01,-1.260174627065757322e-02,-6.821224165647521431e-01
-9.629999999999999671e-01,-1.329260743407618614e-02,-6.995604312402123881e-01
-9.619999999999999662e-01,-1.400086713313799906e-02,-7.169195810724175999e-01
-9.609999999999999654e-01,-1.472644659622102288e-02,-7.342000509069617209e-01
-9.599999999999999645e-01,-1.546926723495192432e-02,-7.514020224142052840e-01
-9.589999999999999636e-01,-1.622925064104943638e-02,-7.685256741241266454e-01
-9.579999999999999627e-01,-1.700631858320017856e-02,-7.855711814606660681e-01
-9.569999999999999618e-01,-1.780039300397076932e-02,-8.025387167774464814e-01
-9.559999999999999609e-01,-1.861139601675507529e-02,-8.194284493908430278e-01
-9.549999999999999600e-01,-1.943924990275245485e-02,-8.362405456152224303e-01
-9.539999999999999591e-01,-2.028387710798552207e-02,-8.529751687968971652e-01
-9.529999999999999583e-01,-2.114520024034625273e-02,-8.696324793467837821e-01
-9.519999999999999574e-01,-2.202314206667909183e-02,-8.862126347750809430e-01
-9.509999999999999565e-01,-2.291762550989641725e-02,-9.027157897241124829e-01
-9.499999999999999556e-01,-2.382857364612731704e-02,-9.191420960019343056e-01
-9.489999999999999547e-01,-2.475590970190028745e-02,-9.354917026141773562e-01
-9.479999999999999538e-01,-2.569955705135567453e-02,-9.517647557978907713e-01
-9.469999999999999529e-01,-2.665943921349607157e-02,-9.679613990539888135e-01
-9.459999999999999520e-01,-2.763547984946365318e-02,-9.840817731782891542e-01
-9.449999999999999512e-01,-2.862760275985265154e-02,-1.000126016295011411e+00
-9.439999999999999503e-01,-2.963573188205367859e-02,-1.016094263888202676e+00
-9.429999999999999494e-01,-3.065979128762905820e-02,-1.031986648833095543e+00
-9.419999999999999485e-01,-3.169970517971987256e-02,-1.047803301428157141e+00
-9.409999999999999476e-01,-3.275539789048537154e-02,-1.063544349425781022e+00
-9.399999999999999467e-01,-3.382679387857143866e-02,-1.079209918063661178e+00
-9.390000000000000568e-01,-3.491381772661257543e-02,-1.094800130095901380e+00
-9.379999999999999449e-01,-3.601639413876325108e-02,-1.110315105823662662e+00
-9.370000000000000551e-01,-3.713444793825989437e-02,-1.125754963125029207e+00
-9.359999999999999432e-01,-3.826790406501331954e-02,-1.141119817485655830e+00
-9.350000000000000533e-01,-3.941668757323120442e-02,-1.156409782029605537e+00
-9.339999999999999414e-01,-4.058072362907253622e-02,-1.171624967548119400e+00
-9.330000000000000515e-01,-4.175993750832743961e-02,-1.186765482529875015e+00
-9.319999999999999396e-01,-4.295425459413228925e-02,-1.201831433190523768e+00
-9.310000000000000497e-01,-4.416360037470848376e-02,-1.216822923501901244e+00
-9.299999999999999378e-01,-4.538790044113610173e-02,-1.231740055221084873e+00
-9.290000000000000480e-01,-4.662708048515065012e-02,-1.246582927919760664e+00
-9.279999999999999361e-01,-4.788106629697563149e-02,-1.261351639012740833e+00
-9.270000000000000462e-01,-4.914978376317612890e-02,-1.276046283785802871e+00
-9.260000000000000453e-01,-5.043315886454709240e-02,-1.290666955425344042e+00
-9.250000000000000444e-01,-5.173111767402682054e-02,-1.305213745046092555e+00
-9.240000000000000435e-01,-5.304358635463927996e-02,-1.319686741718580691e+00
-9.230000000000000426e-01,-5.437049115746398625e-02,-1.334086032497580732e+00
-9.220000000000000417e-01,-5.571175841963444536e-02,-1.348411702449610061e+00
-9.210000000000000409e-01,-5.706731456236321248e-02,-1.362663834680496677e+00
-9.200000000000000400e-01,-5.843708608899544216e-02,-1.376842510362379812e+00
-9.190000000000000391e-01,-5.982099958308797344e-02,-1.390947808760873983e+00
-9.180000000000000382e-01,-6.121898170651719068e-02,-1.404979807262183300e+00
-9.170000000000000373e-01,-6.263095919761234309e-02,-1.418938581399757481e+00
-9.160000000000000364e-01,-6.405685886931671014e-02,-1.432824204881004704e+00
-9.150000000000000355e-01,-6.549660760737435750e-02,-1.446636749613155359e+00
-9.140000000000000346e-01,-6.695013236854302496e-02,-1.460376285730141888e+00
-9.130000000000000338e-01,-6.841736017883463805e-02,-1.474042881618139234e+00
-9.120000000000000329e-01,-6.989821813177930776e-02,-1.487636603941844271e+00
-9.110000000000000320e-01,-7.139263338671833492e-02,-1.501157517669618358e+00
-9.100000000000000311e-01,-7.290053316711854470e-02,-1.514605686099578463e+00
-9.090000000000000302e-01,-7.442184475891749917e-02,-1.527981170884785911e+00
-9.080000000000000293e-01,-7.595649550888811108e-02,-1.541284032057966158e+00
-9.070000000000000284e-01,-7.750441282303342783e-02,-1.554514328056853856e+00
-9.060000000000000275e-01,-7.906552416500182978e-02,-1.567672115749509487e+00
-9.050000000000000266e-01,-8.063975705453245435e-02,-1.580757450458385449e+00
-9.040000000000000258e-01,-8.222703906591860568e-02,-1.593770385984264237e+00
-9.030000000000000249e-01,-8.382729782650098771e-02,-1.606710974632072464e+00
-9.020000000000000240e-01,-8.544046101518275316e-02,-1.619579267233902442e+00
-9.010000000000000231e-01,-8.706645636096879692e-02,-1.632375313173454856e+00
-9.000000000000000222e-01,-8.870521164152966875e-02,-1.645099160409557726e+00
-8.990000000000000213e-01,-9.035665468178791238e-02,-1.657750855500303544e+00
-8.980000000000000204e-01,-9.202071335253027284e-02,-1.670330443625978489e+00
-8.970000000000000195e-01,-9.369731556903987402e-02,-1.682837968612780344e+00
-8.960000000000000187e-01,-9.538638928975583242e-02,-1.695273472956444039e+00
-8.950000000000000178e-01,-9.708786251495275799e-02,-1.707636997843856363e+00
-8.940000000000000169e-01,-9.880166328544355558e-02,-1.719928583177420478e+00
-8.930000000000000160e-01,-1.005277196813076090e-01,-1.732148267597146685e+00
-8.920000000000000151e-01,-1.022659598206378528e-01,-1.744296088503020314e+00
-8.910000000000000142e-01,-1.040163118583136426e-01,-1.756372082077312768e+00
-8.900000000000000133e-01,-1.057787039847924854e-01,-1.768376283307375729e+00
-8.890000000000000124e-01,-1.075530644249284018e-01,-1.780308726007660880e+00
-8.880000000000000115e-01,-1.093393214368078015e-01,-1.792169442840808813e+00
-8.870000000000000107e-01,-1.111374033106100195e-01,-1.803958465339974282e+00
-8.860000000000000098e-01,-1.129472383674877539e-01,-1.815675823930753552e+00
-8.850000000000000089e-01,-1.147687549584715389e-01,-1.827321547952386993e+00
-8.840000000000000080e-01,-1.166018814633925371e-01,-1.838895665678677460e+00
-8.830000000000000071e-01,-1.184465462898288968e-01,-1.850398204339512631e+00
-8.820000000000000062e-01,-1.203026778720715645e-01,-1.861829190141783386e+00
-8.810000000000000053e-01,-1.221702046701124700e-01,-1.873188648290451397e+00
-8.800000000000000044e-01,-1.240490551686524723e-01,-1.884476603008778284e+00
-8.790000000000000036e-01,-1.259391578761300257e-01,-1.895693077559251094e+00
-8.780000000000000027e-01,-1.278404413237709814e-01,-1.906838094263953565e+00
-8.770000000000000018e-01,-1.297528340646579292e-01,-1.917911674524802379e+00
-8.760000000000000009e-01,-1.316762646728205921e-01,-1.928913838843357098e+00
-8.750000000000000000e-01,-1.336106617423446496e-01,-1.939844606841020891e+00
-8.739999999999999991e-01,-1.355559538865026281e-01,-1.950703997279063628e+00
-8.729999999999999982e-01,-1.375120697369027756e-01,-1.961492028078254179e+00
-8.719999999999999973e-01,-1.394789379426591425e-01,-1.972208716337817691e+00
-8.709999999999999964e-01,-1.414564871695784265e-01,-1.982854078355174465e+00
-8.699999999999999956e-01,-1.434446460993694938e-01,-1.993428129645877789e+00
-8.689999999999999947e-01,-1.454433434288701921e-01,-2.003930884961533820e+00
-8.679999999999999938e-01,-1.474525078692925650e-01,-2.014362358309341516e+00
-8.669999999999999929e-01,-1.494720681454888844e-01,-2.024722562971277284e+00
-8.659999999999999920e-01,-1.515019529952351396e-01,-2.035011511521844341e+00
-8.649999999999999911e-01,-1.535420911685325684e-01,-2.045229215847456317e+00
-8.639999999999999902e-01,-1.555924114269300329e-01,-2.055375687164627152e+00
-8.629999999999999893e-01,-1.576528425428618263e-01,-2.065450936037990459e+00
-8.619999999999999885e-01,-1.597233132990060200e-01,-2.075454972398830478e+00
-8.609999999999999876e-01,-1.618037524876594913e-01,-2.085387805562177732e+00
-8.599999999999999867e-01,-1.638940889101303811e-01,-2.095249444246206849e+00
-8.589999999999999858e-01,-1.659942513761518967e-01,-2.105039896588621673e+00
-8.579999999999999849e-01,-1.681041687033076326e-01,-2.114759170164361990e+00
-8.569999999999999840e-01,-1.702237697164806218e-01,-2.124407272004162905e+00
-8.559999999999999831e-01,-1.723529832473159606e-01,-2.133984208610684163e+00
-8.549999999999999822e-01,-1.744917381337020013e-01,-2.143489985975961076e+00
-8.539999999999999813e-01,-1.766399632192678926e-01,-2.152924609599054406e+00
-8.529999999999999805e-01,-1.787975873529001336e-01,-2.162288084502407060e+00
-8.519999999999999796e-01,-1.809645393882726994e-01,-2.171580415248214990e+00
-8.509999999999999787e-01,-1.831407481833965678e-01,-2.180801605956773415e+00
-8.499999999999999778e-01,-1.853261426001862611e-01,-2.189951660321142413e+00
-8.489999999999999769e-01,-1.875206515040388489e-01,-2.199030581624143110e+00
-8.479999999999999760e-01,-1.897242037634345457e-01,-2.208038372755524392e+00
-8.469999999999999751e-01,-1.919367282495499094e-01,-2.216975036227196938e+00
-8.459999999999999742e-01,-1.941581538358889414e-01,-2.225840574189035692e+00
-8.449999999999999734e-01,-1.963884093979279821e-01,-2.234634988445449721e+00
-8.439999999999999725e-01,-1.986274238127798686e-01,-2.243358280471369426e+00
-8.429999999999999716e-01,-2.008751259588707205e-01,-2.252010451426968984e+00
-8.419999999999999707e-01,-2.031314447156337966e-01,-2.260591502173781464e+00
-8.409999999999999698e-01,-2.053963089632182826e-01,-2.269101433290032332e+00
-8.399999999999999689e-01,-2.076696475822138732e-01,-2.277540245085987181e+00
-8.389999999999999680e-01,-2.099513894533902580e-01,-2.285907937619128916e+00
-8.379999999999999671e-01,-2.122414634574521231e-01,-2.294204510708880207e+00
-8.369999999999999662e-01,-2.145397984748080300e-01,-2.302429963951510672e+00
-8.359999999999999654e-01,-2.168463233853551442e-01,-2.310584296735612497e+00
-8.349999999999999645e-01,-2.191609670682792554e-01,-2.318667508256183396e+00
-8.339999999999999636e-01,-2.214836584018675392e-01,-2.326679597529391685e+00
-8.329999999999999627e-01,-2.238143262633380537e-01,-2.334620563406545557e+00
-8.319999999999999618e-01,-2.261528995286806176e-01,-2.342490404589113950e+00
-8.309999999999999609e-01,-2.284993070725162834e-01,-2.350289119642795299e+00
-8.299999999999999600e-01,-2.308534777679662198e-01,-2.358016707011088897e+00
-8.289999999999999591e-01,-2.332153404865384694e-01,-2.365673165029761549e+00
-8.279999999999999583e-01,-2.355848240980257524e-01,-2.373258491940561044e+00
-8.269999999999999574e-01,-2.379618574704195910e-01,-2.380772685904844366e+00
-8.259999999999999565e-01,-2.403463694698354525e-01,-2.388215745017362224e+00
-8.249999999999999556e-01,-2.427382889604543237e-01,-2.395587667319674097e+00
-8.240000000000000657e-01,-2.451375448044745553e-01,-2.402888450813534860e+00
-8.229999999999999538e-01,-2.475440658620814138e-01,-2.410118093474650891e+00
-8.220000000000000639e-01,-2.499577809914238502e-01,-2.417276593264546136e+00
-8.209999999999999520e-01,-2.523786190486105308e-01,-2.424363948145128234e+00
-8.200000000000000622e-01,-2.548065088877140560e-01,-2.431380156090824585e+00
-8.189999999999999503e-01,-2.572413793607922217e-01,-2.438325215101514232e+00
-8.180000000000000604e-01,-2.596831593179170783e-01,-2.445199123215331838e+00
-8.169999999999999485e-01,-2.621317776072228933e-01,-2.452001878521684830e+00
-8.160000000000000586e-01,-2.645871630749604408e-01,-2.458733479172735770e+00
-8.149999999999999467e-01,-2.670492445655683889e-01,-2.465393923396533182e+00
-8.140000000000000568e-01,-2.695179509217534575e-01,-2.471983209509545532e+00
-8.129999999999999449e-01,-2.719932109845875079e-01,-2.478501335928257276e+00
-8.120000000000000551e-01,-2.744749535936099605e-01,-2.484948301181418628e+00
-8.109999999999999432e-01,-2.769631075869504189e-01,-2.491324103922124777e+00
-8.100000000000000533e-01,-2.794576018014542362e-01,-2.497628742939554058e+00
-8.089999999999999414e-01,-2.819583650728295643e-01,-2.503862217170905069e+00
-8.080000000000000515e-01,-2.844653262357960677e-01,-2.510024525712822197e+00
-8.069999999999999396e-01,-2.869784141242552322e-01,-2.516115667833048519e+00
-8.060000000000000497e-01,-2.894975575714621718e-01,-2.522135642981993442e+00
-8.049999999999999378e-01,-2.920226854102191960e-01,-2.528084450803930849e+00
-8.040000000000000480e-01,-2.945537264730699878e-01,-2.533962091148055151e+00
-8.029999999999999361e-01,-2.970906095925153756e-01,-2.539768564079963653e+00
-8.020000000000000462e-01,-2.996332636012298822e-01,-2.545503869892684179e+00
-8.009999999999999343e-01,-3.021816173323007559e-01,-2.551168009117390056e+00
-8.000000000000000444e-01,-3.047355996194646699e-01,-2.556760982534029836e+00
-7.989999999999999325e-01,-3.072951392973688467e-01,-2.562282791182781239e+00
-7.980000000000000426e-01,-3.098601652018302399e-01,-2.567733436373856648e+00
-7.969999999999999307e-01,-3.124306061701165871e-01,-2.573112919698445467e+00
-7.960000000000000409e-01,-3.150063910412271295e-01,-2.578421243039684896e+00
-7.949999999999999289e-01,-3.175874486561959809e-01,-2.583658408581925414e+00
-7.940000000000000391e-01,-3.201737078583909435e-01,-2.588824418820991013e+00
-7.929999999999999272e-01,-3.227650974938380268e-01,-2.593919276575974209e+00
-7.920000000000000373e-01,-3.253615464115429123e-01,-2.598942984997250960e+00
-7.910000000000000364e-01,-3.279629834638322361e-01,-2.603895547577309344e+00
-7.900000000000000355e-01,-3.305693375066975359e-01,-2.608776968161038212e+00
-7.890000000000000346e-01,-3.331805374001542974e-01,-2.613587250954850560e+00
-7.880000000000000338e-01,-3.357965120086072175e-01,-2.618326400535750054e+00
-7.870000000000000329e-01,-3.384171902012258482e-01,-2.622994421862699710e+00
-7.860000000000000320e-01,-3.410425008523326196e-01,-2.627591320284921039e+00
-7.850000000000000311e-01,-3.436723728417956925e-01,-2.632117101550363714e+00
-7.840000000000000302e-01,-3.463067350554333568e-01,-2.636571771817074250e+00
-7.830000000000000293e-01,-3.489455163854298103e-01,-2.640955337661154090e+00
-7.820000000000000284e-01,-3.515886457307557111e-01,-2.645267806085797702e+00
-7.810000000000000275e-01,-3.542360519976014421e-01,-2.649509184530415951e+00
-7.800000000000000266e-01,-3.568876640998165373e-01,-2.653679480879759467e+00
-7.790000000000000258e-01,-3.595434109593609318e-01,-2.657778703473127280e+00
-7.780000000000000249e-01,-3.622032215067627625e-01,-2.661806861111983835e+00
-7.770000000000000240e-01,-3.648670246815849394e-01,-2.665763963069508691e+00
-7.760000000000000231e-01,-3.675347494329018194e-01,-2.669650019099066185e+00
-7.750000000000000222e-01,-3.702063247197830420e-01,-2.673465039442248781e+00
-7.740000000000000213e-01,-3.728816795117863014e-01,-2.677209034837574109e+00
-7.730000000000000204e-01,-3.755607427894582240e-01,-2.680882016528698841e+00
-7.720000000000000195e-01,-3.782434435448437382e-01,-2.684483996272689410e+00
-7.710000000000000187e-01,-3.809297107820036055e-01,-2.688014986348065349e+00
-7.700000000000000178e-01,-3.836194735175398329e-01,-2.691474999562586845e+00
-7.690000000000000169e-01,-3.863126607811288027e-01,-2.694864049261894934e+00
-7.680000000000000160e-01,-3.890092016160636712e-01,-2.698182149336673774e+00
-7.670000000000000151e-01,-3.917090250798021533e-01,-2.701429314230580303e+00
-7.660000000000000142e-01,-3.944120602445247981e-01,-2.704605558948316002e+00
-7.650000000000000133e-01,-3.971182361976987596e-01,-2.707710899062448107e+00
-7.640000000000000124e-01,-3.998274820426497289e-01,-2.710745350721765590e+00
-7.630000000000000115e-01,-4.025397268991423028e-01,-2.713708930658299323e+00
-7.620000000000000107e-01,-4.052548999039663480e-01,-2.716601656194825409e+00
-7.610000000000000098e-01,-4.079729302115319700e-01,-2.719423545251800078e+00
-7.600000000000000089e-01,-4.106937469944699215e-01,-2.722174616354664067e+00
-7.590000000000000080e-01,-4.134172794442412813e-01,-2.724854888641516482e+00
-7.580000000000000071e-01,-4.161434567717529620e-01,-2.727464381869197041e+00
-7.570000000000000062e-01,-4.188722082079797127e-01,-2.730003116421045206e+00
-7.560000000000000053e-01,-4.216034630045950582e-01,-2.732471113313380329e+00
-7.550000000000000044e-01,-4.243371504346064582e-01,-2.734868394201782849e+00
-7.540000000000000036e-01,-4.270731997929986257e-01,-2.737194981389052373e+00
-7.530000000000000027e-01,-4.298115403973845616e-01,-2.739450897830892018e+00
-7.520000000000000018e-01,-4.325521015886604204e-01,-2.741636167142274871e+00
-7.510000000000000009e-01,-4.352948127316691451e-01,-2.743750813604520999e+00
-7.500000000000000000e-01,-4.380396032158694886e-01,-2.745794862171607065e+00
-7.489999999999999991e-01,-4.407864024560123606e-01,-2.747768338476021199e+00
-7.479999999999999982e-01,-4.435351398928215061e-01,-2.749671268835243154e+00
-7.469999999999999973e-01,-4.462857449936828425e-01,-2.751503680258224449e+00
-7.459999999999999964e-01,-4.490381472533379603e-01,-2.753265600450845341e+00
-7.449999999999999956e-01,-4.517922761945845633e-01,-2.754957057822338129e+00
-7.439999999999999947e-01,-4.545480613689826810e-01,-2.756578081491227294e+00
-7.429999999999999938e-01,-4.573054323575669877e-01,-2.758128701290473828e+00
-7.419999999999999929e-01,-4.600643187715636184e-01,-2.759608947774097487e+00
-7.409999999999999920e-01,-4.628246502531151996e-01,-2.761018852223173781e+00
-7.399999999999999911e-01,-4.655863564760099327e-01,-2.762358446650040378e+00
-7.389999999999999902e-01,-4.683493671464152852e-01,-2.763627763804777260e+00
-7.379999999999999893e-01,-4.711136120036195085e-01,-2.764826837180606844e+00
-7.369999999999999885e-01,-4.738790208207764865e-01,-2.765955701019436219e+00
-7.359999999999999876e-01,-4.766455234056584112e-01,-2.767014390317143580e+00
-7.349999999999999867e-01,-4.794130496014107901e-01,-2.768002940827756220e+00
-7.339999999999999858e-01,-4.821815292873138925e-01,-2.768921389070072792e+00
-7.329999999999999849e-01,-4.849508923795509685e-01,-2.769769772332807634e+00
-7.319999999999999840e-01,-4.877210688319795207e-01,-2.770548128678200328e+00
-7.309999999999999831e-01,-4.904919886369073501e-01,-2.771256496948012682e+00
-7.299999999999999822e-01,-4.932635818258755411e-01,-2.771894916768360417e+00
-7.289999999999999813e-01,-4.960357784704440554e-01,-2.772463428554601705e+00
-7.279999999999999805e-01,-4.988085086829847636e-01,-2.772962073515572001e+00
-7.269999999999999796e-01,-5.015817026174752558e-01,-2.773390893658955747e+00
-7.259999999999999787e-01,-5.043552904703026973e-01,-2.773749931794981194e+00
-7.249999999999999778e-01,-5.071292024810651888e-01,-2.774039231541678419e+00
-7.239999999999999769e-01,-5.099033689333860586e-01,-2.774258837329796279e+00
-7.229999999999999760e-01,-5.126777201557247698e-01,-2.774408794405985645e+00
-7.219999999999999751e-01,-5.154521865221980415e-01,-2.774489148838028996e+00
-7.209999999999999742e-01,-5.182266984534008580e-01,-2.774499947518677345e+00
-7.199999999999999734e-01,-5.210011864172353624e-01,-2.774441238170197721e+00
-7.189999999999999725e-01,-5.237755809297413023e-01,-2.774313069348465888e+00
-7.179999999999999716e-01,-5.265498125559323617e-01,-2.774115490446718013e+00
-7.169999999999999707e-01,-5.293238119106347117e-01,-2.773848551699245490e+00
-7.159999999999999698e-01,-5.320975096593307807e-01,-2.773512304187022437e+00
-7.149999999999999689e-01,-5.348708365190087966e-01,-2.773106799839581527e+00
-7.139999999999999680e-01,-5.376437232590099979e-01,-2.772632091439390933e+00
-7.129999999999999671e-01,-5.404161007018875029e-01,-2.772088232627027082e+00
-7.119999999999999662e-01,-5.431878997242640672e-01,-2.771475277902425205e+00
-7.110000000000000764e-01,-5.459590512576921739e-01,-2.770793282630279464e+00
-7.099999999999999645e-01,-5.487294862895246705e-01,-2.770042303043396714e+00
-7.090000000000000746e-01,-5.514991358637788554e-01,-2.769222396244856554e+00
-7.079999999999999627e-01,-5.542679310820144423e-01,-2.768333620213581980e+00
-7.070000000000000728e-01,-5.570358031042058622e-01,-2.767376033805760471e+00
-7.059999999999999609e-01,-5.598026831496260014e-01,-2.766349696759277776e+00
-7.050000000000000711e-01,-5.625685024977243875e-01,-2.765254669696901146e+00
-7.039999999999999591e-01,-5.653331924890198090e-01,-2.764091014128268853e+00
-7.030000000000000693e-01,-5.680966845259808329e-01,-2.762858792454380819e+00
-7.019999999999999574e-01,-5.708589100739286382e-01,-2.761558067971066066e+00
-7.010000000000000675e-01,-5.736198006619228629e-01,-2.760188904869210091e+00
-6.999999999999999556e-01,-5.763792878836671019e-01,-2.758751368241178170e+00
-6.990000000000000657e-01,-5.791373033984051899e-01,-2.757245524081383792e+00
-6.979999999999999538e-01,-5.818937789318299192e-01,-2.755671439289926639e+00
-6.970000000000000639e-01,-5.846486462769849846e-01,-2.754029181674923166e+00
-6.959999999999999520e-01,-5.874018372951798073e-01,-2.752318819956030893e+00
-6.950000000000000622e-01,-5.901532839168970312e-01,-2.750540423766096865e+00
-6.939999999999999503e-01,-5.929029181427121209e-01,-2.748694063654454567e+00
-6.930000000000000604e-01,-5.956506720442058533e-01,-2.746779811088174483e+00
-6.919999999999999485e-01,-5.983964777648884681e-01,-2.744797738457350533e+00
-6.910000000000000586e-01,-6.011402675211204860e-01,-2.742747919073849516e+00
-6.899999999999999467e-01,-6.038819736030363039e-01,-2.740630427176483863e+00
-6.890000000000000568e-01,-6.066215283754733401e-01,-2.738445337932262191e+00
-6.879999999999999449e-01,-6.093588642789008469e-01,-2.736192727438094607e+00
-6.870000000000000551e-01,-6.120939138303495008e-01,-2.733872672723578034e+00
-6.859999999999999432e-01,-6.148266096243479861e-01,-2.731485251753440480e+00
-6.850000000000000533e-01,-6.175568843338563596e-01,-2.729030543428791589e+00
-6.839999999999999414e-01,-6.202846707112057434e-01,-2.726508627590135347e+00
-6.830000000000000515e-01,-6.230099015890365743e-01,-2.723919585018109046e+00
-6.819999999999999396e-01,-6.257325098812419606e-01,-2.721263497435813861e+00
-6.810000000000000497e-01,-6.284524285839081514e-01,-2.718540447511429647e+00
-6.799999999999999378e-01,-6.311695907762647773e-01,-2.715750518859067597e+00
-6.790000000000000480e-01,-6.338839296216263186e-01,-2.712893796041043970e+00
-6.779999999999999361e-01,-6.365953783683470091e-01,-2.709970364569699086e+00
-6.770000000000000462e-01,-6.393038703507656351e-01,-2.706980310907283638e+00
-6.759999999999999343e-01,-6.420093389901617709e-01,-2.703923722470165103e+00
-6.750000000000000444e-01,-6.447117177957059075e-01,-2.700800687628770902e+00
-6.739999999999999325e-01,-6.474109403654194628e-01,-2.697611295710089507e+00
-6.730000000000000426e-01,-6.501069403871260199e-01,-2.694355636996590420e+00
-6.719999999999999307e-01,-6.527996516394127813e-01,-2.691033802730942170e+00
-6.710000000000000409e-01,-6.554890079925879132e-01,-2.687645885115728106e+00
-6.699999999999999289e-01,-6.581749434096442197e-01,-2.684191977313503230e+00
-6.690000000000000391e-01,-6.608573919472148228e-01,-2.680672173449977436e+00
-6.679999999999999272e-01,-6.635362877565443851e-01,-2.677086568615152373e+00
-6.670000000000000373e-01,-6.662115650844451231e-01,-2.673435258862468800e+00
-6.659999999999999254e-01,-6.688831582742694737e-01,-2.669718341211989809e+00
-6.650000000000000355e-01,-6.715510017668691045e-01,-2.665935913649263966e+00
-6.639999999999999236e-01,-6.742150301015681357e-01,-2.662088075129361187e+00
-6.630000000000000338e-01,-6.768751779171278127e-01,-2.658174925574826375e+00
-6.619999999999999218e-01,-6.795313799527178400e-01,-2.654196565877271041e+00
-6.610000000000000320e-01,-6.821835710488822757e-01,-2.650153097899305976e+00
-6.599999999999999201e-01,-6.848316861485165274e-01,-2.646044624474370721e+00
-6.590000000000000302e-01,-6.874756602978309150e-01,-2.641871249407188316e+00
-6.579999999999999183e-01,-6.901154286473309973e-01,-2.637633077475982191e+00
-6.570000000000000284e-01,-6.927509264527829114e-01,-2.633330214430657179e+00
-6.559999999999999165e-01,-6.953820890761923668e-01,-2.628962766995357470e+00
-6.550000000000000266e-01,-6.980088519867735375e-01,-2.624530842868182390e+00
-6.539999999999999147e-01,-7.006311507619287227e-01,-2.620034550721641153e+00
-6.530000000000000249e-01,-7.032489210882167940e-01,-2.615474000203505511e+00
-6.519999999999999130e-01,-7.058620987623358545e-01,-2.610849301937150813e+00
-6.510000000000000231e-01,-7.084706196920910193e-01,-2.606160567520646509e+00
-6.499999999999999112e-01,-7.110744198973772967e-01,-2.601407909529086737e+00
-6.490000000000000213e-01,-7.136734355111491457e-01,-2.596591441512941856e+00
-6.480000000000000204e-01,-7.162676027804028012e-01,-2.591711277999536378e+00
-6.470000000000000195e-01,-7.188568580671482744e-01,-2.586767534492878440e+00
-6.460000000000000187e-01,-7.214411378493885696e-01,-2.581760327472863992e+00
-6.450000000000000178e-01,-7.240203787220940157e-01,-2.576689774397380006e+00
-6.440000000000000169e-01,-7.265945173981833705e-01,-2.571555993700314957e+00
-6.430000000000000160e-01,-7.291634907094945994e-01,-2.566359104791388290e+00
-6.420000000000000151e-01,-7.317272356077660911e-01,-2.561099228058651534e+00
-6.410000000000000142e-01,-7.342856891656119878e-01,-2.555776484865816656e+00
-6.400000000000000133e-01,-7.368387885774977386e-01,-2.550390997552767658e+00
-6.390000000000000124e-01,-7.393864711607174289e-01,-2.544942889435333200e+00
-6.380000000000000115e-01,-7.419286743563684450e-01,-2.539432284805798190e+00
-6.370000000000000107e-01,-7.444653357303291363e-01,-2.533859308932505883e+00
-6.360000000000000098e-01,-7.469963929742334807e-01,-2.528224088057925201e+00
-6.350000000000000089e-01,-7.495217839064449716e-01,-2.522526749399787604e+00
-6.340000000000000080e-01,-7.520414464730330595e-01,-2.516767421150802875e+00
-6.330000000000000071e-01,-7.545553187487465951e-01,-2.510946232476953810e+00
-6.320000000000000062e-01,-7.570633389379869405e-01,-2.505063313518405721e+00
-6.310000000000000053e-01,-7.595654453757834101e-01,-2.499118795388142189e+00
-6.300000000000000044e-01,-7.620615765287631627e-01,-2.493112810170885041e+00
-6.290000000000000036e-01,-7.645516709961250879e-01,-2.487045490923890156e+00
-6.280000000000000027e-01,-7.670356675106110300e-01,-2.480916971675696914e+00
-6.270000000000000018e-01,-7.695135049394765669e-01,-2.474727387424309200e+00
-6.260000000000000009e-01,-7.719851222854595685e-01,-2.468476874137934374e+00
-6.250000000000000000e-01,-7.744504586877524188e-01,-2.462165568753903244e+00
-6.239999999999999991e-01,-7.769094534229674665e-01,-2.455793609176907921e+00
-6.229999999999999982e-01,-7.793620459061062489e-01,-2.449361134279286034e+00
-6.219999999999999973e-01,-7.818081756915260527e-01,-2.442868283899827020e+00
-6.209999999999999964e-01,-7.842477824739059189e-01,-2.436315198842180507e+00
-6.199999999999999956e-01,-7.866808060892104271e-01,-2.429702020874515256e+00
-6.189999999999999947e-01,-7.891071865156549237e-01,-2.423028892728382289e+00
-6.179999999999999938e-01,-7.915268638746670860e-01,-2.416295958097464336e+00
-6.169999999999999929e-01,-7.939397784318498186e-01,-2.409503361636893715e+00
-6.159999999999999920e-01,-7.963458705979409302e-01,-2.402651248961660713e+00
-6.149999999999999911e-01,-7.987450809297731436e-01,-2.395739766645476720e+00
-6.139999999999999902e-01,-8.011373501312318846e-01,-2.388769062220035266e+00
-6.129999999999999893e-01,-8.035226190542132940e-01,-2.381739284173477245e+00
-6.119999999999999885e-01,-8.059008286995787973e-01,-2.374650581948458239e+00
-6.109999999999999876e-01,-8.082719202181102292e-01,-2.367503105942489583e+00
-6.099999999999999867e-01,-8.106358349114638484e-01,-2.360297007504414069e+00
-6.089999999999999858e-01,-8.129925142331190235e-01,-2.353032438934349102e+00
-6.079999999999999849e-01,-8.153418997893325804e-01,-2.345709553483004584e+00
-6.069999999999999840e-01,-8.176839333400850451e-01,-2.338328505348613362e+00
-6.059999999999999831e-01,-8.200185568000297742e-01,-2.330889449675908054e+00
-6.049999999999999822e-01,-8.223457122394368657e-01,-2.323392542554415741e+00
-6.039999999999999813e-01,-8.246653418851386252e-01,-2.315837941018344281e+00
-6.029999999999999805e-01,-8.269773881214735889e-01,-2.308225803043114865e+00
-6.019999999999999796e-01,-8.292817934912248834e-01,-2.300556287544509360e+00
-6.009999999999999787e-01,-8.315785006965625836e-01,-2.292829554377192380e+00
-5.999999999999999778e-01,-8.338674525999791864e-01,-2.285045764332323870e+00
-5.989999999999999769e-01,-8.361485922252271941e-01,-2.277205079136706445e+00
-5.979999999999999760e-01,-8.384218627582527006e-01,-2.269307661450795877e+00
-5.969999999999999751e-01,-8.406872075481288675e-01,-2.261353674865745234e+00
-5.959999999999999742e-01,-8.429445701079841813e-01,-2.253343283902950134e+00
-5.949999999999999734e-01,-8.451938941159347074e-01,-2.245276654012286599e+00
-5.939999999999999725e-01,-8.474351234160086843e-01,-2.237153951568700450e+00
-5.929999999999999716e-01,-8.496682020190721163e-01,-2.228975343871354653e+00
-5.919999999999999707e-01,-8.518930741037514798e-01,-2.220740999141753491e+00
-5.909999999999999698e-01,-8.541096840173556526e-01,-2.212451086521809884e+00
-5.899999999999999689e-01,-8.563179762767950676e-01,-2.204105776070093725e+00
-5.889999999999999680e-01,-8.585178955694958702e-01,-2.195705238762457157e+00
-5.879999999999999671e-01,-8.607093867543199606e-01,-2.187249646488908184e+00
-5.869999999999999662e-01,-8.628923948624735996e-01,-2.178739172048835826e+00
-5.859999999999999654e-01,-8.650668650984176811e-01,-2.170173989153454386e+00
-5.849999999999999645e-01,-8.672327428407805572e-01,-2.161554272420801226e+00
-5.839999999999999636e-01,-8.693899736432592062e-01,-2.152880197373633564e+00
-5.829999999999999627e-01,-8.715385032355278394e-01,-2.144151940437438952e+00
-5.820000000000000728e-01,-8.736782775241339616e-01,-2.135369678938161542e+00
-5.809999999999999609e-01,-8.758092425934042025e-01,-2.126533591101463117e+00
-5.800000000000000711e-01,-8.779313447063368248e-01,-2.117643856046868223e+00
-5.789999999999999591e-01,-8.800445303054981183e-01,-2.108700653788332602e+00
-5.780000000000000693e-01,-8.821487460139134651e-01,-2.099704165231116804e+00
-5.769999999999999574e-01,-8.842439386359604026e-01,-2.090654572168830327e+00
-5.760000000000000675e-01,-8.863300551582511400e-01,-2.081552057281214729e+00
-5.749999999999999556e-01,-8.884070427505229572e-01,-2.072396804132040415e+00
-5.740000000000000657e-01,-8.904748487665151702e-01,-2.063188997165639194e+00
-5.729999999999999538e-01,-8.925334207448543111e-01,-2.053928821705767405e+00
-5.720000000000000639e-01,-8.945827064099265424e-01,-2.044616463950887919e+00
-5.709999999999999520e-01,-8.966226536727561758e-01,-2.035252110974965944e+00
-5.700000000000000622e-01,-8.986532106318763091e-01,-2.025835950720590972e+00
-5.689999999999999503e-01,-9.006743255741975762e-01,-2.016368171999602055e+00
-5.680000000000000604e-01,-9.026859469758754528e-01,-2.006848964488540332e+00
-5.669999999999999485e-01,-9.046880235031746764e-01,-1.997278518727227947e+00
-5.660000000000000586e-01,-9.066805040133298910e-01,-1.987657026116437464e+00
-5.649999999999999467e-01,-9.086633375554075132e-01,-1.977984678911411720e+00
-5.640000000000000568e-01,-9.106364733711526105e-01,-1.968261670222887005e+00
-5.629999999999999449e-01,-9.125998608958534319e-01,-1.958488194015103545e+00
-5.620000000000000551e-01,-9.145534497591827350e-01,-1.948664445097620046e+00
-5.609999999999999432e-01,-9.164971897860488825e-01,-1.938790619128326398e+00
-5.600000000000000533e-01,-9.184310309974393904e-01,-1.928866912606736150e+00
-5.589999999999999414e-01,-9.203549236112623655e-01,-1.918893522872338053e+00
-5.580000000000000515e-01,-9.222688180431839466e-01,-1.908870648101867573e+00
-5.569999999999999396e-01,-9.241726649074661903e-01,-1.898798487306066818e+00
-5.560000000000000497e-01,-9.260664150177959630e-01,-1.888677240325876028e+00
-5.549999999999999378e-01,-9.279500193881180525e-01,-1.878507107831694611e+00
-5.540000000000000480e-01,-9.298234292334592865e-01,-1.868288291316844152e+00
-5.529999999999999361e-01,-9.316865959707517630e-01,-1.858020993097284190e+00
-5.520000000000000462e-01,-9.335394712196537492e-01,-1.847705416307860560e+00
-5.509999999999999343e-01,-9.353820068033675827e-01,-1.837341764898724250e+00
-5.500000000000000444e-01,-9.372141547494511338e-01,-1.826930243632091333e+00
-5.489999999999999325e-01,-9.390358672906318205e-01,-1.816471058079059731e+00
-5.480000000000000426e-01,-9.408470968656091893e-01,-1.805964414617278635e+00
-5.469999999999999307e-01,-9.426477961198663769e-01,-1.795410520427026313e+00
-5.460000000000000409e-01,-9.444379179064631424e-01,-1.784809583487344753e+00
-5.449999999999999289e-01,-9.462174152868411126e-01,-1.774161812574334363e+00
-5.440000000000000391e-01,-9.479862415316117064e-01,-1.763467417255412784e+00
-5.429999999999999272e-01,-9.497443501213520545e-01,-1.752726607888973831e+00
-5.420000000000000373e-01,-9.514916947473894826e-01,-1.741939595618930525e+00
-5.409999999999999254e-01,-9.532282293125899919e-01,-1.731106592371872921e+00
-5.400000000000000355e-01,-9.549539079321331947e-01,-1.720227810854112249e+00
-5.389999999999999236e-01,-9.566686849342983523e-01,-1.709303464548099782e+00
-5.380000000000000338e-01,-9.583725148612293188e-01,-1.698333767706913022e+00
-5.369999999999999218e-01,-9.600653524697122521e-01,-1.687318935355108351e+00
-5.360000000000000320e-01,-9.617471527319394475e-01,-1.676259183281104015e+00
-5.349999999999999201e-01,-9.634178708362745036e-01,-1.665154728036270626e+00
-5.340000000000000302e-01,-9.650774621880118254e-01,-1.654005786929758415e+00
-5.329999999999999183e-01,-9.667258824101340187e-01,-1.642812578026280335e+00
-5.320000000000000284e-01,-9.683630873440642883e-01,-1.631575320140939311e+00
-5.309999999999999165e-01,-9.699890330504159497e-01,-1.620294232838148218e+00
-5.300000000000000266e-01,-9.716036758097404968e-01,-1.608969536425036040e+00
-5.289999999999999147e-01,-9.732069721232661230e-01,-1.597601451949174134e+00
-5.280000000000000249e-01,-9.747988787136387945e-01,-1.586190201195961436e+00
-5.269999999999999130e-01,-9.763793525256581063e-01,-1.574736006683735923e+00
-5.260000000000000231e-01,-9.779483507270061438e-01,-1.563239091659454516e+00
-5.249999999999999112e-01,-9.795058307089771210e-01,-1.551699680096703560e+00
-5.240000000000000213e-01,-9.810517500871994701e-01,-1.540117996691094504e+00
-5.229999999999999094e-01,-9.825860667023593731e-01,-1.528494266855716432e+00
-5.220000000000000195e-01,-9.841087386209107502e-01,-1.516828716717668613e+00
-5.209999999999999076e-01,-9.856197241357947947e-01,-1.505121573116070977e+00
-5.200000000000000178e-01,-9.871189817671428557e-01,-1.493373063597175587e+00
-5.190000000000000169e-01,-9.886064702629888679e-01,-1.481583416408966514e+00
-5.180000000000000160e-01,-9.900821485999607985e-01,-1.469752860497749225e+00
-5.170000000000000151e-01,-9.915459759839843068e-01,-1.457881625507809531e+00
-5.160000000000000142e-01,-9.929979118509764113e-01,-1.445969941772659695e+00
-5.150000000000000133e-01,-9.944379158675297203e-01,-1.434018040313787878e+00
-5.140000000000000124e-01,-9.958659479316039898e-01,-1.422026152836508572e+00
-5.130000000000000115e-01,-9.972819681732026931e-01,-1.409994511725130906e+00
-5.120000000000000107e-01,-9.986859369550542542e-01,-1.397923350040571222e+00
-5.110000000000000098e-01,-1.000077814873283844e+00,-1.385812901514213991e+00
-5.100000000000000089e-01,-1.001457562758082620e+00,-1.373663400545694913e+00
-5.090000000000000080e-01,-1.002825141674375198e+00,-1.361475082197841857e+00
-5.080000000000000071e-01,-1.004180512922478341e+00,-1.349248182193832690e+00
-5.070000000000000062e-01,-1.005523638038762879e+00,-1.336982936912079367e+00
-5.060000000000000053e-01,-1.006854478796302521e+00,-1.324679583380884651e+00
-5.050000000000000044e-01,-1.008172997205524668e+00,-1.312338359277816835e+00
-5.040000000000000036e-01,-1.009479155514858117e+00,-1.299959502923513810e+00
-5.030000000000000027e-01,-1.010772916211371664e+00,-1.287543253276851374e+00
-5.020000000000000018e-01,-1.012054242021411810e+00,-1.275089849931930530e+00
-5.010000000000000009e-01,-1.013323095911235594e+00,-1.262599533113473171e+00
-5.000000000000000000e-01,-1.014579441087638756e+00,-1.250072543673582004e+00
-4.989999999999999991e-01,-1.015823240998582788e+00,-1.237509123086624641e+00
-4.979999999999999982e-01,-1.017054459333812000e+00,-1.224909513444458753e+00
-4.969999999999999973e-01,-1.018273060025471688e+00,-1.212273957453589901e+00
-4.959999999999999964e-01,-1.019479007248719205e+00,-1.199602698429885095e+00
-4.949999999999999956e-01,-1.020672265422331471e+00,-1.186895980295389563e+00
-4.939999999999999947e-01,-1.021852799209310048e+00,-1.174154047573381376e+00
-4.929999999999999938e-01,-1.023020573517478216e+00,-1.161377145383255538e+00
-4.919999999999999929e-01,-1.024175553500076497e+00,-1.148565519437681814e+00
-4.909999999999999920e-01,-1.025317704556353515e+00,-1.135719416038227791e+00
-4.899999999999999911e-01,-1.026446992332152863e+00,-1.122839082069617689e+00
-4.889999999999999902e-01,-1.027563382720492857e+00,-1.109924764997117563e+00
-4.879999999999999893e-01,-1.028666841862147185e+00,-1.096976712860509906e+00
-4.869999999999999885e-01,-1.029757336146213786e+00,-1.083995174270967254e+00
-4.859999999999999876e-01,-1.030834832210689056e+00,-1.070980398406618406e+00
-4.849999999999999867e-01,-1.031899296943026956e+00,-1.057932635006977762e+00
-4.839999999999999858e-01,-1.032950697480703006e+00,-1.044852134370785279e+00
-4.829999999999999849e-01,-1.033989001211768732e+00,-1.031739147348616825e+00
-4.819999999999999840e-01,-1.035014175775400336e+00,-1.018593925340724127e+00
-4.809999999999999831e-01,-1.036026189062450031e+00,-1.005416720292032551e+00
-4.799999999999999822e-01,-1.037025009215984506e+00,-9.922077846865704487e-01
-4.789999999999999813e-01,-1.038010604631823153e+00,-9.789673715455364800e-01
-4.779999999999999805e-01,-1.038982943959075422e+00,-9.656957344199099680e-01
-4.769999999999999796e-01,-1.039941996100663069e+00,-9.523931273869266079e-01
-4.759999999999999787e-01,-1.040887730213849283e+00,-9.390598050474636693e-01
-4.749999999999999778e-01,-1.041820115710758055e+00,-9.256960225187640390e-01
-4.739999999999999769e-01,-1.042739122258886875e+00,-9.123020354307982416e-01
-4.729999999999999760e-01,-1.043644719781619656e+00,-8.988780999228538349e-01
-4.719999999999999751e-01,-1.044536878458732554e+00,-8.854244726377373809e-01
-4.709999999999999742e-01,-1.045415568726895117e+00,-8.719414107169995987e-01
-4.699999999999999734e-01,-1.046280761280166560e+00,-8.584291717975247593e-01
-4.689999999999999725e-01,-1.047132427070490035e+00,-8.448880140065284650e-01
-4.679999999999999716e-01,-1.047970537308179573e+00,-8.313181959556459333e-01
-4.669999999999999707e-01,-1.048795063462401478e+00,-8.177199767384308871e-01
-4.659999999999999698e-01,-1.049605977261656609e+00,-8.040936159244438386e-01
-4.649999999999999689e-01,-1.050403250694250223e+00,-7.904393735542498689e-01
-4.639999999999999680e-01,-1.051186856008764936e+00,-7.767575101355532752e-01
-4.629999999999999671e-01,-1.051956765714521458e+00,-7.630482866389911578e-01
-4.619999999999999662e-01,-1.052712952582042893e+00,-7.493119644921080180e-01
-4.609999999999999654e-01,-1.053455389643505713e+00,-7.355488055754904053e-01
-4.599999999999999645e-01,-1.054184050193194055e+00,-7.217590722185605046e-01
-4.589999999999999636e-01,-1.054898907787942708e+00,-7.079430271932096730e-01
-4.579999999999999627e-01,-1.055599936247580306e+00,-6.941009337101604615e-01
-4.569999999999999618e-01,-1.056287109655362988e+00,-6.802330554144191410e-01
-4.559999999999999609e-01,-1.056960402358409157e+00,-6.663396563812966633e-01
-4.549999999999999600e-01,-1.057619788968125585e+00,-6.524210011092463901e-01
-4.539999999999999591e-01,-1.058265244360627744e+00,-6.384773545173629827e-01
-4.529999999999999583e-01,-1.058896743677160357e+00,-6.245089819396980602e-01
-4.519999999999999574e-01,-1.059514262324507072e+00,-6.105161491190074230e-01
-4.509999999999999565e-01,-1.060117775975398358e+00,-5.964991222058415588e-01
-4.499999999999999556e-01,-1.060707260568918731e+00,-5.824581677509286237e-01
-4.489999999999999547e-01,-1.061282692310900222e+00,-5.683935526996037879e-01
-4.479999999999999538e-01,-1.061844047674318059e+00,-5.543055443887396905e-01
-4.469999999999999529e-01,-1.062391303399677689e+00,-5.401944105419715925e-01
-4.459999999999999520e-01,-1.062924436495402025e+00,-5.260604192649225297e-01
-4.449999999999999512e-01,-1.063443424238207591e+00,-5.119038390380410419e-01
-4.439999999999999503e-01,-1.063948244173477997e+00,-4.977249387143274362e-01
-4.429999999999999494e-01,-1.064438874115636313e+00,-4.835239875139905052e-01
-4.419999999999999485e-01,-1.064915292148506110e+00,-4.693012550189905596e-01
-4.409999999999999476e-01,-1.065377476625674280e+00,-4.550570111684919539e-01
-4.399999999999999467e-01,-1.065825406170842982e+00,-4.407915262535198053e-01
-4.389999999999999458e-01,-1.066259059678181353e+00,-4.265050709128672679e-01
-4.379999999999999449e-01,-1.066678416312668798e+00,-4.121979161280933113e-01
-4.369999999999999440e-01,-1.067083455510437373e+00,-3.978703332171562579e-01
-4.359999999999999432e-01,-1.067474156979103084e+00,-3.835225938320263595e-01
-4.349999999999999423e-01,-1.067850500698101390e+00,-3.691549699518645866e-01
-4.339999999999999414e-01,-1.068212466919006731e+00,-3.547677338781340950e-01
-4.329999999999999405e-01,-1.068560036165857818e+00,-3.403611582317580542e-01
-4.319999999999999396e-01,-1.068893189235470276e+00,-3.259355159444794481e-01
-4.309999999999999387e-01,-1.069211907197746614e+00,-3.114910802572694593e-01
-4.299999999999999378e-01,-1.069516171395984871e+00,-2.970281247149841874e-01
-4.289999999999999369e-01,-1.069805963447176600e+00,-2.825469231585202579e-01
-4.279999999999999361e-01,-1.070081265242301960e+00,-2.680477497240190132e-01
-4.269999999999999352e-01,-1.070342058946624819e+00,-2.535308788345673747e-01
-4.259999999999999343e-01,-1.070588326999970974e+00,-2.389965851966735499e-01
-4.249999999999999334e-01,-1.070820052117018140e+00,-2.244451437956058726e-01
-4.239999999999999325e-01,-1.071037217287562182e+00,-2.098768298883442185e-01
-4.230000000000000426e-01,-1.071239805776794896e+00,-1.952919190026705110e-01
-4.220000000000000417e-01,-1.071427801125567347e+00,-1.806906869273916527e-01
-4.210000000000000409e-01,-1.071601187150649892e+00,-1.660734097105205365e-01
-4.200000000000000400e-01,-1.071759947944988411e+00,-1.514403636534780162e-01
-4.190000000000000391e-01,-1.071904067877956779e+00,-1.367918253055222522e-01
-4.180000000000000382e-01,-1.072033531595599332e+00,-1.221280714586328031e-01
-4.170000000000000373e-01,-1.072148324020874011e+00,-1.074493791443273949e-01
-4.160000000000000364e-01,-1.072248430353888171e+00,-9.275602562684071017e-02
-4.150000000000000355e-01,-1.072333836072127733e+00,-7.804828839778110705e-02
-4.140000000000000346e-01,-1.072404526930683666e+00,-6.332644517260632711e-02
-4.130000000000000338e-01,-1.072460488962472924e+00,-4.859077388437071932e-02
-4.120000000000000329e-01,-1.072501708478452276e+00,-3.384155268008726125e-02
-4.110000000000000320e-01,-1.072528172067833019e+00,-1.907905991345160146e-02
-4.100000000000000311e-01,-1.072539866598279268e+00,-4.303574141886201687e-03
-4.090000000000000302e-01,-1.072536779216116898e+00,1.048462587903031817e-02
-4.080000000000000293e-01,-1.072518897346521172e+00,2.528526120272545086e-02
-4.070000000000000284e-01,-1.072486208693711474e+00,4.009805269186017540e-02
-4.060000000000000275e-01,-1.072438701241137604e+00,5.492272102844708570e-02
-4.050000000000000266e-01,-1.072376363251654530e+00,6.975898671703362197e-02
-4.040000000000000258e-01,-1.072299183267703349e+00,8.460657008959060477e-02
-4.030000000000000249e-01,-1.072207150111475382e+00,9.946519130949127430e-02
-4.020000000000000240e-01,-1.072100252885084481e+00,1.143345703777640665e-01
-4.010000000000000231e-01,-1.071978480970719794e+00,1.292144271401411970e-01
-4.000000000000000222e-01,-1.071841824030804080e+00,1.441044812884229032e-01
-3.990000000000000213e-01,-1.071690272008142930e+00,1.590044523665028464e-01
-3.980000000000000204e-01,-1.071523815126071089e+00,1.739140597787809384e-01
-3.970000000000000195e-01,-1.071342443888585461e+00,1.888330227918686433e-01
-3.960000000000000187e-01,-1.071146149080487442e+00,2.037610605384543305e-01
-3.950000000000000178e-01,-1.070934921767508374e+00,2.186978920271940297e-01
-3.940000000000000169e-01,-1.070708753296433002e+00,2.336432361439619854e-01
-3.930000000000000160e-01,-1.070467635295220488e+00,2.485968116577623732e-01
-3.920000000000000151e-01,-1.070211559673117430e+00,2.635583372272094493e-01
-3.910000000000000142e-01,-1.069940518620766223e+00,2.785275314039381556e-01
-3.900000000000000133e-01,-1.069654504610309642e+00,2.935041126376063403e-01
-3.890000000000000124e-01,-1.069353510395490980e+00,3.084877992836254634e-01
-3.880000000000000115e-01,-1.069037529011742427e+00,3.234783096056617069e-01
-3.870000000000000107e-01,-1.068706553776279655e+00,3.384753617802971348e-01
-3.860000000000000098e-01,-1.068360578288181761e+00,3.534786739047603987e-01
-3.850000000000000089e-01,-1.067999596428470088e+00,3.684879640005647161e-01
-3.840000000000000080e-01,-1.067623602360180612e+00,3.835029500181690310e-01
-3.830000000000000071e-01,-1.067232590528433667e+00,3.985233498428897292e-01
-3.820000000000000062e-01,-1.066826555660494780e+00,4.135488813001302333e-01
-3.810000000000000053e-01,-1.066405492765833518e+00,4.285792621598147889e-01
-3.800000000000000044e-01,-1.065969397136175223e+00,4.436142101408222516e-01
-3.790000000000000036e-01,-1.065518264345551858e+00,4.586534429189441653e-01
-3.780000000000000027e-01,-1.065052090250337313e+00,4.736966781294995599e-01
-3.770000000000000018e-01,-1.064570870989292928e+00,4.887436333717687376e-01
-3.760000000000000009e-01,-1.064074602983593909e+00,5.037940262183155937e-01
-3.750000000000000000e-01,-1.063563282936856202e+00,5.188475742153286774e-01
-3.739999999999999991e-01,-1.063036907835163136e+00,5.339039948892150278e-01
-3.729999999999999982e-01,-1.062495474947077856e+00,5.489630057528529505e-01
-3.719999999999999973e-01,-1.061938981823657535e+00,5.640243243100258042e-01
-3.709999999999999964e-01,-1.061367426298457595e+00,5.790876680630390183e-01
-3.699999999999999956e-01,-1.060780806487531480e+00,5.941527545116969122e-01
-3.689999999999999947e-01,-1.060179120789434215e+00,6.092193011623976417e-01
-3.679999999999999938e-01,-1.059562367885206635e+00,6.242870255357502174e-01
-3.669999999999999929e-01,-1.058930546738362732e+00,6.393556451664608176e-01
-3.659999999999999920e-01,-1.058283656594873667e+00,6.544248776123140487e-01
-3.649999999999999911e-01,-1.057621696983138238e+00,6.694944404564466822e-01
-3.639999999999999902e-01,-1.056944667713960673e+00,6.845640513150783590e-01
-3.629999999999999893e-01,-1.056252568880508003e+00,6.996334278418316899e-01
-3.619999999999999885e-01,-1.055545400858277194e+00,7.147022877306881128e-01
-3.609999999999999876e-01,-1.054823164305046745e+00,7.297703487242870324e-01
-3.599999999999999867e-01,-1.054085860160828503e+00,7.448373286171090513e-01
-3.589999999999999858e-01,-1.053333489647812371e+00,7.599029452613876856e-01
-3.579999999999999849e-01,-1.052566054270305695e+00,7.749669165718842123e-01
-3.569999999999999840e-01,-1.051783555814668647e+00,7.900289605308898899e-01
-3.559999999999999831e-01,-1.050985996349244056e+00,8.050887951932281794e-01
-3.549999999999999822e-01,-1.050173378224282139e+00,8.201461386920527730e-01
-3.539999999999999813e-01,-1.049345704071859897e+00,8.352007092435087543e-01
-3.529999999999999805e-01,-1.048502976805795184e+00,8.502522251511663853e-01
-3.519999999999999796e-01,-1.047645199621557444e+00,8.653004048126149428e-01
-3.509999999999999787e-01,-1.046772375996170013e+00,8.803449667235554443e-01
-3.499999999999999778e-01,-1.045884509688110420e+00,8.953856294823481221e-01
-3.489999999999999769e-01,-1.044981604737205139e+00,9.104221117971746935e-01
-3.479999999999999760e-01,-1.044063665464516122e+00,9.254541324881984110e-01
-3.469999999999999751e-01,-1.043130696472228891e+00,9.404814104942715858e-01
-3.459999999999999742e-01,-1.042182702643527525e+00,9.555036648799841714e-01
-3.449999999999999734e-01,-1.041219689142468985e+00,9.705206148365732588e-01
-3.439999999999999725e-01,-1.040241661413854324e+00,9.855319796895400941e-01
-3.429999999999999716e-01,-1.039248625183089692e+00,1.000537478904561794e+00
-3.419999999999999707e-01,-1.038240586456045333e+00,1.015536832089992458e+00
-3.409999999999999698e-01,-1.037217551518909708e+00,1.030529759002774881e+00
-3.399999999999999689e-01,-1.036179526938039608e+00,1.045515979555261765e+00
-3.389999999999999680e-01,-1.035126519559799174e+00,1.060495213819990568e+00
-3.379999999999999671e-01,-1.034058536510399806e+00,1.075467182030365620e+00
-3.369999999999999662e-01,-1.032975585195738510e+00,1.090431604591572068e+00
-3.359999999999999654e-01,-1.031877673301216491e+00,1.105388202082849602e+00
-3.349999999999999645e-01,-1.030764808791572840e+00,1.120336695261471505e+00
-3.339999999999999636e-01,-1.029636999910693573e+00,1.135276805071043782e+00
-3.329999999999999627e-01,-1.028494255181430672e+00,1.150208252643551532e+00
-3.319999999999999618e-01,-1.027336583405406456e+00,1.165130759305725405e+00
-3.309999999999999609e-01,-1.026163993662819296e+00,1.180044046583020645e+00
-3.299999999999999600e-01,-1.024976495312240443e+00,1.194947836206097236e+00
-3.289999999999999591e-01,-1.023774097990407084e+00,1.209841850115310535e+00
-3.279999999999999583e-01,-1.022556811612009842e+00,1.224725810465201903e+00
-3.269999999999999574e-01,-1.021324646369476730e+00,1.239599439630467259e+00
-3.259999999999999565e-01,-1.020077612732748884e+00,1.254462460208969787e+00
-3.249999999999999556e-01,-1.018815721449058742e+00,1.269314595028561143e+00
-3.239999999999999547e-01,-1.017538983542691788e+00,1.284155567153561606e+00
-3.229999999999999538e-01,-1.016247410314751631e+00,1.298985099885669570e+00
-3.219999999999999529e-01,-1.014941013342920417e+00,1.313802916771066975e+00
-3.209999999999999520e-01,-1.013619804481209474e+00,1.328608741606672083e+00
-3.199999999999999512e-01,-1.012283795859707070e+00,1.343402298443663767e+00
-3.189999999999999503e-01,-1.010932999884322170e+00,1.358183311591119491e+00
-3.179999999999999494e-01,-1.009567429236524871e+00,1.372951505623973389e+00
-3.169999999999999485e-01,-1.008187096873074173e+00,1.387706605386881620e+00
-3.159999999999999476e-01,-1.006792016025751080e+00,1.402448335997348750e+00
-3.149999999999999467e-01,-1.005382200201079490e+00,1.417176422852890028e+00
-3.139999999999999458e-01,-1.003957663180045312e+00,1.431890591635067267e+00
-3.129999999999999449e-01,-1.002518419017809359e+00,1.446590568314320535e+00
-3.119999999999999440e-01,-1.001064482043416692e+00,1.461276079155652496e+00
-3.109999999999999432e-01,-9.995958668594980834e-01,1.475946850722891668e+00
-3.099999999999999423e-01,-9.981125883419709188e-01,1.490602609882955676e+00
-3.089999999999999414e-01,-9.966146616397321134e-01,1.505243083812445093e+00
-3.079999999999999405e-01,-9.951021021743460260e-01,1.519868000001395103e+00
-3.069999999999999396e-01,-9.935749256397293783e-01,1.534477086257595602e+00
-3.059999999999999387e-01,-9.920331480018307335e-01,1.549070070713582936e+00
-3.049999999999999378e-01,-9.904767854983022035e-01,1.563646681829311547e+00
-3.039999999999999369e-01,-9.889058546381721548e-01,1.578206648397781464e+00
-3.029999999999999361e-01,-9.873203722015065908e-01,1.592749699551291087e+00
-3.019999999999999352e-01,-9.857203552390695345e-01,1.607275564763369857e+00
-3.009999999999999343e-01,-9.841058210719798582e-01,1.621783973856224748e+00
-2.999999999999999334e-01,-9.824767872913571232e-01,1.636274657005401423e+00
-2.989999999999999325e-01,-9.808332717579690829e-01,1.650747344742626410e+00
-2.979999999999999316e-01,-9.791752926018718606e-01,1.665201767961946189e+00
-2.969999999999999307e-01,-9.775028682220451293e-01,1.679637657925354688e+00
-2.960000000000000409e-01,-9.758160172860214088e-01,1.694054746266147049e+00
-2.950000000000000400e-01,-9.741147587295129195e-01,1.708452764994831341e+00
-2.940000000000000391e-01,-9.723991117560316644e-01,1.722831446503050756e+00
-2.930000000000000382e-01,-9.706690958365067345e-01,1.737190523568870049e+00
-2.920000000000000373e-01,-9.689247307088939554e-01,1.751529729361664067e+00
-2.910000000000000364e-01,-9.671660363777834224e-01,1.765848797446153640e+00
-2.900000000000000355e-01,-9.653930331140017085e-01,1.780147461788317287e+00
-2.890000000000000346e-01,-9.636057414542068544e-01,1.794425456759256576e+00
-2.880000000000000338e-01,-9.618041822004831376e-01,1.808682517140141499e+00
-2.870000000000000329e-01,-9.599883764199265146e-01,1.822918378127440064e+00
-2.860000000000000320e-01,-9.581583454442282877e-01,1.837132775336954182e+00
-2.850000000000000311e-01,-9.563141108692526648e-01,1.851325444808821885e+00
-2.840000000000000302e-01,-9.544556945546106563e-01,1.865496123012633234e+00
-2.830000000000000293e-01,-9.525831186232273096e-01,1.879644546851636733e+00
-2.820000000000000284e-01,-9.506964054609073900e-01,1.893770453666775211e+00
-2.810000000000000275e-01,-9.487955777158938453e-01,1.907873581243336503e+00
-2.800000000000000266e-01,-9.468806582984206077e-01,1.921953667814648270e+00
-2.790000000000000258e-01,-9.449516703802645079e-01,1.936010452065374920e+00
-2.780000000000000249e-01,-9.430086373942898614e-01,1.950043673138509348e+00
-2.770000000000000240e-01,-9.410515830339875043e-01,1.964053070638499321e+00
-2.760000000000000231e-01,-9.390805312530129401e-01,1.978038384635510738e+00
-2.750000000000000222e-01,-9.370955062647164935e-01,1.991999355672248839e+00
-2.740000000000000213e-01,-9.350965325416683571e-01,2.005935724766970907e+00
-2.730000000000000204e-01,-9.330836348151825277e-01,2.019847233417806365e+00
-2.720000000000000195e-01,-9.310568380748327488e-01,2.033733623608270591e+00
-2.710000000000000187e-01,-9.290161675679659004e-01,2.047594637811187113e+00
-2.700000000000000178e-01,-9.269616487992103915e-01,2.061430018994087732e+00
-2.690000000000000169e-01,-9.248933075299777817e-01,2.075239510623021033e+00
-2.680000000000000160e-01,-9.228111697779644018e-01,2.089022856667725137e+00
-2.670000000000000151e-01,-9.207152618166423164e-01,2.102779801605436205e+00
-2.660000000000000142e-01,-9.186056101747535063e-01,2.116510090425663293e+00
-2.650000000000000133e-01,-9.164822416357909507e-01,2.130213468636270591e+00
-2.640000000000000124e-01,-9.143451832374809296e-01,2.143889682265523788e+00
-2.630000000000000115e-01,-9.121944622712598871e-01,2.157538477868058635e+00
-2.620000000000000107e-01,-9.100301062817448550e-01,2.171159602529087351e+00
-2.610000000000000098e-01,-9.078521430662017666e-01,2.184752803868946103e+00
-2.600000000000000089e-01,-9.056606006740068882e-01,2.198317830048210908e+00
-2.590000000000000080e-01,-9.034555074061053626e-01,2.211854429770596653e+00
-2.580000000000000071e-01,-9.012368918144657570e-01,2.225362352288925649e+00
-2.570000000000000062e-01,-8.990047827015275050e-01,2.238841347408595084e+00
-2.560000000000000053e-01,-8.967592091196485704e-01,2.252291165493147673e+00
-2.550000000000000044e-01,-8.945002003705411209e-01,2.265711557467739112e+00
-2.540000000000000036e-01,-8.922277860047130860e-01,2.279102274823230800e+00
-2.530000000000000027e-01,-8.899419958208947268e-01,2.292463069622556304e+00
-2.520000000000000018e-01,-8.876428598654679814e-01,2.305793694502540347e+00
-2.510000000000000009e-01,-8.853304084318895928e-01,2.319093902679924213e+00
-2.500000000000000000e-01,-8.830046720601080201e-01,2.332363447956367963e+00
-2.489999999999999991e-01,-8.806656815359769075e-01,2.345602084720553648e+00
-2.479999999999999982e-01,-8.783134678906669990e-01,2.358809567954153863e+00
-2.469999999999999973e-01,-8.759480624000686166e-01,2.371985653236322378e+00
-2.459999999999999964e-01,-8.735694965841943604e-01,2.385130096746934214e+00
-2.449999999999999956e-01,-8.711778022065747029e-01,2.398242655272383672e+00
-2.439999999999999947e-01,-8.687730112736495869e-01,2.411323086208255972e+00
-2.429999999999999938e-01,-8.663551560341581359e-01,2.424371147565011597e+00
-2.419999999999999929e-01,-8.639242689785194829e-01,2.437386597971396895e+00
-2.409999999999999920e-01,-8.614803828382153750e-01,2.450369196678821027e+00
-2.399999999999999911e-01,-8.590235305851618985e-01,2.463318703566585555e+00
-2.389999999999999902e-01,-8.565537454310822030e-01,2.476234879145010837e+00
-2.379999999999999893e-01,-8.540710608268717863e-01,2.489117484560324556e+00
-2.369999999999999885e-01,-8.515755104619615601e-01,2.501966281597447050e+00
-2.359999999999999876e-01,-8.490671282636769179e-01,2.514781032686983053e+00
-2.349999999999999867e-01,-8.465459483965875886e-01,2.527561500907438585e+00
-2.339999999999999858e-01,-8.440120052618620416e-01,2.540307449988972621e+00
-2.329999999999999849e-01,-8.414653334966095688e-01,2.553018644319479336e+00
-2.319999999999999840e-01,-8.389059679732231434e-01,2.565694848947259743e+00
-2.309999999999999831e-01,-8.363339437987150626e-01,2.578335829585626016e+00
-2.299999999999999822e-01,-8.337492963140518132e-01,2.590941352617392113e+00
-2.289999999999999813e-01,-8.311520610934802766e-01,2.603511185098398073e+00
-2.279999999999999805e-01,-8.285422739438550455e-01,2.616045094761602741e+00
-2.269999999999999796e-01,-8.259199709039570791e-01,2.628542850022085986e+00
-2.259999999999999787e-01,-8.232851882438108060e-01,2.641004219980800372e+00
-2.249999999999999778e-01,-8.206379624639954518e-01,2.653428974427697540e+00
-2.239999999999999769e-01,-8.179783302949554802e-01,2.665816883846389374e+00
-2.229999999999999760e-01,-8.153063286963027068e-01,2.678167719419434434e+00
-2.219999999999999751e-01,-8.126219948561166362e-01,2.690481253030156950e+00
-2.209999999999999742e-01,-8.099253661902423573e-01,2.702757257268217472e+00
-2.199999999999999734e-01,-8.072164803415801115e-01,2.714995505433876133e+00
-2.189999999999999725e-01,-8.044953751793746388e-01,2.727195771540095848e+00
-2.179999999999999716e-01,-8.017620887984999722e-01,2.739357830318510878e+00
-2.169999999999999707e-01,-7.990166595187375709e-01,2.751481457222666904e+00
-2.159999999999999698e-01,-7.962591258840545638e-01,2.763566428432341127e+00
-2.149999999999999689e-01,-7.934895266618728904e-01,2.775612520856384435e+00
-2.139999999999999680e-01,-7.907079008423417710e-01,2.787619512137325728e+00
-2.129999999999999671e-01,-7.879142876375982985e-01,2.799587180656430974e+00
-2.119999999999999662e-01,-7.851087264810289179e-01,2.811515305535806419e+00
-2.109999999999999654e-01,-7.822912570265266874e-01,2.823403666643116594e+00
-2.099999999999999645e-01,-7.794619191477427655e-01,2.835252044595563348e+00
-2.089999999999999636e-01,-7.766207529373354568e-01,2.847060220763637517e+00
-2.079999999999999627e-01,-7.737677987062154816e-01,2.858827977274984278e+00
-2.069999999999999618e-01,-7.709030969827855850e-01,2.870555097017529533e+00
-2.059999999999999609e-01,-7.680266885121803666e-01,2.882241363644993726e+00
-2.049999999999999600e-01,-7.651386142554955638e-01,2.893886561579449790e+00
-2.039999999999999591e-01,-7.622389153890214430e-01,2.905490476014506385e+00
-2.029999999999999583e-01,-7.593276333034665315e-01,2.917052892921105922e+00
-2.019999999999999574e-01,-7.564048096031792401e-01,2.928573599049684617e+00
-2.009999999999999565e-01,-7.534704861053671543e-01,2.940052381933867309e+00
-1.999999999999999556e-01,-7.505247048393115517e-01,2.951489029894901250e+00
-1.989999999999999547e-01,-7.475675080455773669e-01,2.962883332046430951e+00
-1.979999999999999538e-01,-7.445989381752186054e-01,2.974235078295748735e+00
-1.969999999999999529e-01,-7.416190378889858659e-01,2.985544059348399060e+00
-1.959999999999999520e-01,-7.386278500565218730e-01,2.996810066713123888e+00
-1.949999999999999512e-01,-7.356254177555595630e-01,3.008032892704306960e+00
-1.939999999999999503e-01,-7.326117842711131756e-01,3.019212330446123360e+00
-1.929999999999999494e-01,-7.295869930946673465e-01,3.030348173875609064e+00
-1.919999999999999485e-01,-7.265510879233619823e-01,3.041440217746526287e+00
-1.909999999999999476e-01,-7.235041126591742477e-01,3.052488257633456215e+00
-1.899999999999999467e-01,-7.204461114080951134e-01,3.063492089934982232e+00
-1.889999999999999458e-01,-7.173771284793043490e-01,3.074451511877043686e+00
-1.879999999999999449e-01,-7.142972083843409647e-01,3.085366321517312826e+00
-1.869999999999999440e-01,-7.112063958362696559e-01,3.096236317747468547e+00
-1.859999999999999432e-01,-7.081047357488460259e-01,3.107061300298369133e+00
-1.849999999999999423e-01,-7.049922732356729282e-01,3.117841069742325999e+00
-1.839999999999999414e-01,-7.018690536093613597e-01,3.128575427495889016e+00
-1.829999999999999405e-01,-6.987351223806811396e-01,3.139264175825474013e+00
-1.819999999999999396e-01,-6.955905252577104791e-01,3.149907117850432314e+00
-1.809999999999999387e-01,-6.924353081449802216e-01,3.160504057544642365e+00
-1.799999999999999378e-01,-6.892695171426210798e-01,3.171054799740943508e+00
-1.789999999999999369e-01,-6.860931985454983284e-01,3.181559150135626624e+00
-1.779999999999999361e-01,-6.829063988423498266e-01,3.192016915291048917e+00
-1.769999999999999352e-01,-6.797091647149162696e-01,3.202427902638248725e+00
-1.759999999999999343e-01,-6.765015430370733274e-01,3.212791920481208763e+00
-1.749999999999999334e-01,-6.732835808739537908e-01,3.223108777999925678e+00
-1.739999999999999325e-01,-6.700553254810734938e-01,3.233378285254389084e+00
-1.729999999999999316e-01,-6.668168243034450215e-01,3.243600253187707949e+00
-1.719999999999999307e-01,-6.635681249746980814e-01,3.253774493627645370e+00
-1.709999999999999298e-01,-6.603092753161897699e-01,3.263900819292700817e+00
-1.699999999999999289e-01,-6.570403233361127304e-01,3.273979043793360688e+00
-1.689999999999999281e-01,-6.537613172286029783e-01,3.284008981636475255e+00
-1.679999999999999272e-01,-6.504723053728397320e-01,3.293990448227930301e+00
-1.670000000000000373e-01,-6.471733363321475752e-01,3.303923259876228258e+00
-1.660000000000000364e-01,-6.438644588530876289e-01,3.313807233795785123e+00
-1.650000000000000355e-01,-6.405457218645560502e-01,3.323642188108578921e+00
-1.640000000000000346e-01,-6.372171744768704293e-01,3.333427941850573006e+00
-1.630000000000000338e-01,-6.338788659808548553e-01,3.343164314971659223e+00
-1.620000000000000329e-01,-6.305308458469270905e-01,3.352851128340091691e+00
-1.610000000000000320e-01,-6.271731637241747537e-01,3.362488203746579529e+00
-1.600000000000000311e-01,-6.238058694394339465e-01,3.372075363905651102e+00
-1.590000000000000302e-01,-6.204290129963634381e-01,3.381612432459519368e+00
-1.580000000000000293e-01,-6.170426445745148536e-01,3.391099233982231453e+00
-1.570000000000000284e-01,-6.136468145283989761e-01,3.400535593980407612e+00
-1.560000000000000275e-01,-6.102415733865540481e-01,3.409921338898186605e+00
-1.550000000000000266e-01,-6.068269718506025256e-01,3.419256296120181560e+00
-1.540000000000000258e-01,-6.034030607943137170e-01,3.428540293973014741e+00
-1.530000000000000249e-01,-5.999698912626565406e-01,3.437773161730206084e+00
-1.520000000000000240e-01,-5.965275144708532817e-01,3.446954729613992185e+00
-1.510000000000000231e-01,-5.930759818034284647e-01,3.456084828798339004e+00
-1.500000000000000222e-01,-5.896153448132566144e-01,3.465163291412181934e+00
-1.490000000000000213e-01,-5.861456552206041337e-01,3.474189950542438510e+00
-1.480000000000000204e-01,-5.826669649121717365e-01,3.483164640236736886e+00
-1.470000000000000195e-01,-5.791793259401306626e-01,3.492087195506542230e+00
-1.460000000000000187e-01,-5.756827905211586716e-01,3.500957452329430453e+00
-1.450000000000000178e-01,-5.721774110354718168e-01,3.509775247652783037e+00
-1.440000000000000169e-01,-5.686632400258530007e-01,3.518540419396288144e+00
-1.430000000000000160e-01,-5.651403301966791970e-01,3.527252806454157508e+00
-1.420000000000000151e-01,-5.616087344129447878e-01,3.535912248699219163e+00
-1.410000000000000142e-01,-5.580685056992807924e-01,3.544518586984509056e+00
-1.400000000000000133e-01,-5.545196972389757617e-01,3.553071663146511128e+00
-1.390000000000000124e-01,-5.509623623729877906e-01,3.561571320008397379e+00
-1.380000000000000115e-01,-5.473965545989588621e-01,3.570017401382301614e+00
-1.370000000000000107e-01,-5.438223275702230852e-01,3.578409752071479488e+00
-1.360000000000000098e-01,-5.402397350948159316e-01,3.586748217874173861e+00
-1.350000000000000089e-01,-5.366488311344748130e-01,3.595032645585206410e+00
-1.340000000000000080e-01,-5.330496698036455427e-01,3.603262882999217709e+00
-1.330000000000000071e-01,-5.294423053684763625e-01,3.611438778914475733e+00
-1.320000000000000062e-01,-5.258267922458165211e-01,3.619560183132989550e+00
-1.310000000000000053e-01,-5.222031850022103017e-01,3.627626946464545199e+00
-1.300000000000000044e-01,-5.185715383528874955e-01,3.635638920729888923e+00
-1.290000000000000036e-01,-5.149319071607505460e-01,3.643595958762318787e+00
-1.280000000000000027e-01,-5.112843464353628020e-01,3.651497914410327894e+00
-1.270000000000000018e-01,-5.076289113319298885e-01,3.659344642540702353e+00
-1.260000000000000009e-01,-5.039656571502814097e-01,3.667135999041050809e+00
-1.250000000000000000e-01,-5.002946393338477682e-01,3.674871840821225533e+00
-1.239999999999999991e-01,-4.966159134686389254e-01,3.682552025817130925e+00
-1.229999999999999982e-01,-4.929295352822135046e-01,3.690176412992968835e+00
-1.219999999999999973e-01,-4.892355606426530001e-01,3.697744862342489114e+00
-1.209999999999999964e-01,-4.855340455575285485e-01,3.705257234892997076e+00
-1.199999999999999956e-01,-4.818250461728669776e-01,3.712713392707087223e+00
-1.189999999999999947e-01,-4.781086187721143577e-01,3.720113198885087513e+00
-1.179999999999999938e-01,-4.743848197750968332e-01,3.727456517567162564e+00
-1.169999999999999929e-01,-4.706537057369800103e-01,3.734743213936184247e+00
-1.159999999999999920e-01,-4.669153333472244594e-01,3.741973154219863318e+00
-1.149999999999999911e-01,-4.631697594285402730e-01,3.749146205692881040e+00
-1.139999999999999902e-01,-4.594170409358386831e-01,3.756262236679390298e+00
-1.129999999999999893e-01,-4.556572349551815115e-01,3.763321116555545132e+00
-1.119999999999999885e-01,-4.518903987027275693e-01,3.770322715751404985e+00
-1.109999999999999876e-01,-4.481165895236786656e-01,3.777266905753208448e+00
-1.099999999999999867e-01,-4.443358648912211772e-01,3.784153559105817521e+00
-1.089999999999999858e-01,-4.405482824054670066e-01,3.790982549414763980e+00
-1.079999999999999849e-01,-4.367538997923915978e-01,3.797753751348636797e+00
-1.069999999999999840e-01,-4.329527749027697325e-01,3.804467040640957975e+00
-1.059999999999999831e-01,-4.291449657111097160e-01,3.811122294092569973e+00
-1.049999999999999822e-01,-4.253305303145846206e-01,3.817719389574136812e+00
-1.039999999999999813e-01,-4.215095269319614202e-01,3.824258206027366214e+00
-1.029999999999999805e-01,-4.176820139025298473e-01,3.830738623467453863e+00
-1.019999999999999796e-01,-4.138480496850264756e-01,3.837160522986209799e+00
-1.009999999999999787e-01,-4.100076928565574153e-01,3.843523786752598426e+00
-9.999999999999997780e-02,-4.061610021115212854e-01,3.849828298015069095e+00
-9.899999999999997691e-02,-4.023080362605273019e-01,3.856073941104881442e+00
-9.799999999999997602e-02,-3.984488542293115332e-01,3.862260601436872776e+00
-9.699999999999997513e-02,-3.945835150576535444e-01,3.868388165511390753e+00
-9.599999999999997424e-02,-3.907120778982887122e-01,3.874456520916794489e+00
-9.499999999999997335e-02,-3.868346020158199283e-01,3.880465556331557764e+00
-9.399999999999997247e-02,-3.829511467856255846e-01,3.886415161525803796e+00
-9.299999999999997158e-02,-3.790617716927683345e-01,3.892305227362953701e+00
-9.199999999999997069e-02,-3.751665363308996914e-01,3.898135645802312865e+00
-9.099999999999996980e-02,-3.712655004011636839e-01,3.903906309900833094e+00
-8.999999999999996891e-02,-3.673587237110980119e-01,3.909617113814391587e+00
-8.899999999999996803e-02,-3.634462661735348710e-01,3.915267952799865725e+00
-8.799999999999996714e-02,-3.595281878054982783e-01,3.920858723217463648e+00
-8.699999999999996625e-02,-3.556045487270999561e-01,3.926389322532088499e+00
-8.599999999999996536e-02,-3.516754091604341048e-01,3.931859649315185834e+00
-8.499999999999996447e-02,-3.477408294284695667e-01,3.937269603246193128e+00
-8.399999999999996358e-02,-3.438008699539417123e-01,3.942619085114955624e+00
-8.299999999999996270e-02,-3.398555912582396643e-01,3.947907996822834775e+00
-8.199999999999996181e-02,-3.359050539602960184e-01,3.953136241384726191e+00
-8.099999999999996092e-02,-3.319493187754701813e-01,3.958303722930935464e+00
-7.999999999999996003e-02,-3.279884465144341510e-01,3.963410346708172938e+00
-7.899999999999995914e-02,-3.240224980820538558e-01,3.968456019081827435e+00
-7.799999999999995826e-02,-3.200515344762704939e-01,3.973440647537245241e+00
-7.699999999999995737e-02,-3.160756167869793742e-01,3.978364140681435401e+00
-7.599999999999995648e-02,-3.120948061949075925e-01,3.983226408245002403e+00
-7.499999999999995559e-02,-3.081091639704893193e-01,3.988027361083112510e+00
-7.399999999999995470e-02,-3.041187514727413665e-01,3.992766911177341171e+00
-7.299999999999995381e-02,-3.001236301481346458e-01,3.997444971637179378e+00
-7.199999999999995293e-02,-2.961238615294670140e-01,4.002061456701511588e+00
-7.099999999999995204e-02,-2.921195072347316235e-01,4.006616281740434715e+00
-6.999999999999995115e-02,-2.881106289659861042e-01,4.011109363256082361e+00
-6.899999999999995026e-02,-2.840972885082194699e-01,4.015540618884330115e+00
-6.799999999999994937e-02,-2.800795477282174706e-01,4.019909967396500861e+00
-6.699999999999994849e-02,-2.760574685734264455e-01,4.024217328700871121e+00
-6.599999999999994760e-02,-2.720311130708156777e-01,4.028462623843381607e+00
-6.499999999999994671e-02,-2.680005433257396374e-01,4.032645775009285671e+00
-6.399999999999994582e-02,-2.639658215207971170e-01,4.036766705524883037e+00
-6.299999999999994493e-02,-2.599270099146898660e-01,4.040825339858528764e+00
-6.199999999999994404e-02,-2.558841708410800608e-01,4.044821603621997497e+00
-6.099999999999994316e-02,-2.518373667074458866e-01,4.048755423571705592e+00
-5.999999999999994227e-02,-2.477866599939366477e-01,4.052626727610004309e+00
-5.899999999999994138e-02,-2.437321132522258793e-01,4.056435444786586686e+00
-5.799999999999994049e-02,-2.396737891043634605e-01,4.060181505299510718e+00
-5.699999999999993960e-02,-2.356117502416268383e-01,4.063864840496464126e+00
-5.599999999999993872e-02,-2.315460594233705316e-01,4.067485382876114386e+00
-5.499999999999993783e-02,-2.274767794758746076e-01,4.071043066089117701e+00
-5.399999999999993694e-02,-2.234039732911922704e-01,4.074537824939113762e+00
-5.299999999999993605e-02,-2.193277038259963674e-01,4.077969595384161039e+00
-5.199999999999993516e-02,-2.152480341004239517e-01,4.081338314537916290e+00
-5.099999999999993427e-02,-2.111650271969205128e-01,4.084643920670387729e+00
-4.999999999999993339e-02,-2.070787462590831518e-01,4.087886353209043477e+00
-4.899999999999993250e-02,-2.029892544905024243e-01,4.091065552739905797e+00
-4.799999999999993161e-02,-1.988966151536033511e-01,4.094181461008972178e+00
-4.699999999999993072e-02,-1.948008915684844855e-01,4.097234020922854825e+00
-4.599999999999992983e-02,-1.907021471117576195e-01,4.100223176549491200e+00
-4.499999999999992895e-02,-1.866004452153854909e-01,4.103148873119749851e+00
-4.399999999999992806e-02,-1.824958493655181035e-01,4.106011057027942002e+00
-4.299999999999992717e-02,-1.783884231013296018e-01,4.108809675832745256e+00
-4.199999999999992628e-02,-1.742782300138526197e-01,4.111544678258496788e+00
-4.099999999999992539e-02,-1.701653337448126024e-01,4.114216014195690718e+00
-4.000000000000003553e-02,-1.660497979854616835e-01,4.116823634702029722e+00
-3.900000000000003464e-02,-1.619316864754089813e-01,4.119367492003163989e+00
-3.800000000000003375e-02,-1.578110630014553373e-01,4.121847539493501245e+00
-3.700000000000003286e-02,-1.536879913964219746e-01,4.124263731737329408e+00
-3.600000000000003197e-02,-1.495625355379806842e-01,4.126616024469214494e+00
-3.500000000000003109e-02,-1.454347593474835387e-01,4.128904374594796423e+00
-3.400000000000003020e-02,-1.413047267887910796e-01,4.131128740191911675e+00
-3.300000000000002931e-02,-1.371725018670996998e-01,4.133289080510920144e+00
-3.200000000000002842e-02,-1.330381486277692205e-01,4.135385355975500943e+00
-3.100000000000002753e-02,-1.289017311551486911e-01,4.137417528183583215e+00
-3.000000000000002665e-02,-1.247633135714020514e-01,4.139385559907651668e+00
-2.900000000000002576e-02,-1.206229600353333764e-01,4.141289415095613435e+00
-2.800000000000002487e-02,-1.164807347412108174e-01,4.143129058871323878e+00
-2.700000000000002398e-02,-1.123367019175907228e-01,4.144904457535282916e+00
-2.600000000000002309e-02,-1.081909258261402468e-01,4.146615578565246096e+00
-2.500000000000002220e-02,-1.040434707604602216e-01,4.148262390616565654e+00
-2.400000000000002132e-02,-9.989440104490709960e-02,4.149844863522943683e+00
-2.300000000000002043e-02,-9.574378103341432689e-02,4.151362968296893996e+00
-2.200000000000001954e-02,-9.159167510831330017e-02,4.152816677130182654e+00
-2.100000000000001865e-02,-8.743814767915394914e-02,4.154205963394488776e+00
-2.000000000000001776e-02,-8.328326318152431962e-02,4.155530801641681649e+00
-1.900000000000001688e-02,-7.912708607587057297e-02,4.156791167604247050e+00
-1.800000000000001599e-02,-7.496968084631581986e-02,4.157987038195905427e+00
-1.700000000000001510e-02,-7.081111199947875967e-02,4.159118391511817947e+00
-1.600000000000001421e-02,-6.665144406329216731e-02,4.160185206829012827e+00
-1.500000000000001332e-02,-6.249074158582072075e-02,4.161187464606868502e+00
-1.400000000000001243e-02,-5.832906913407842620e-02,4.162125146487284155e+00
-1.300000000000001155e-02,-5.416649129284614728e-02,4.162998235295031435e+00
-1.200000000000001066e-02,-5.000307266348835711e-02,4.163806715038170125e+00
-1.100000000000000977e-02,-4.583887786276979320e-02,4.164550570908190252e+00
-1.000000000000000888e-02,-4.167397152167196667e-02,4.165229789280310513e+00
-9.000000000000007994e-03,-3.750841828420916485e-02,4.165844357713762491e+00
-8.000000000000007105e-03,-3.334228280624443319e-02,4.166394264951923887e+00
-7.000000000000006217e-03,-2.917562975430531072e-02,4.166879500922560098e+00
-6.000000000000005329e-03,-2.500852380439930536e-02,4.167300056738021397e+00
-5.000000000000004441e-03,-2.084102964082925821e-02,4.167655924695361946e+00
-4.000000000000003553e-03,-1.667321195500857250e-02,4.167947098276465923e+00
-3.000000000000002665e-03,-1.250513544427631768e-02,4.168173572148176298e+00
-2.000000000000001776e-03,-8.336864810712210291e-03,4.168335342162391655e+00
-1.000000000000000888e-03,-4.168464759951527251e-03,4.168432405356125692e+00
0.000000000000000000e+00,4.885853291744991263e-17,4.168464759951572063e+00
1.000000000000111910e-03,4.168464759952087567e-03,4.168432405356125692e+00
2.000000000000001776e-03,8.336864810712307436e-03,4.168335342162391655e+00
3.000000000000113687e-03,1.250513544427687800e-02,4.168173572148177186e+00
4.000000000000003553e-03,1.667321195500866618e-02,4.167947098276465923e+00
5.000000000000115463e-03,2.084102964082982026e-02,4.167655924695369052e+00
6.000000000000005329e-03,2.500852380439940945e-02,4.167300056738026726e+00
7.000000000000117240e-03,2.917562975430588318e-02,4.166879500922565427e+00
8.000000000000007105e-03,3.334228280624454421e-02,4.166394264951915005e+00
9.000000000000119016e-03,3.750841828420972690e-02,4.165844357713748281e+00
1.000000000000000888e-02,4.167397152167204299e-02,4.165229789280303407e+00
1.100000000000012079e-02,4.583887786277034138e-02,4.164550570908200910e+00
1.200000000000001066e-02,5.000307266348844731e-02,4.163806715038184336e+00
1.300000000000012257e-02,5.416649129284672320e-02,4.162998235295049199e+00
1.400000000000001243e-02,5.832906913407854416e-02,4.162125146487277050e+00
1.500000000000012434e-02,6.249074158582128974e-02,4.161187464606864950e+00
1.600000000000001421e-02,6.665144406329227833e-02,4.160185206829016380e+00
1.700000000000012612e-02,7.081111199947932866e-02,4.159118391511817947e+00
1.800000000000001599e-02,7.496968084631591700e-02,4.157987038195884111e+00
1.900000000000012790e-02,7.912708607587111420e-02,4.156791167604239945e+00
2.000000000000001776e-02,8.328326318152440289e-02,4.155530801641695859e+00
2.100000000000012967e-02,8.743814767915450425e-02,4.154205963394517198e+00
2.200000000000001954e-02,9.159167510831342507e-02,4.152816677130168443e+00
2.300000000000013145e-02,9.574378103341486812e-02,4.151362968296893996e+00
2.400000000000002132e-02,9.989440104490721062e-02,4.149844863522950789e+00
2.499999999999991118e-02,1.040434707604598608e-01,4.148262390616544337e+00
2.600000000000002309e-02,1.081909258261403162e-01,4.146615578565267413e+00
2.699999999999991296e-02,1.123367019175903897e-01,4.144904457535325548e+00
2.800000000000002487e-02,1.164807347412109700e-01,4.143129058871323878e+00
2.899999999999991473e-02,1.206229600353330433e-01,4.141289415095563697e+00
3.000000000000002665e-02,1.247633135714021207e-01,4.139385559907651668e+00
3.099999999999991651e-02,1.289017311551483580e-01,4.137417528183611637e+00
3.200000000000002842e-02,1.330381486277693592e-01,4.135385355975515154e+00
3.299999999999991829e-02,1.371725018670993945e-01,4.133289080510877511e+00
3.400000000000003020e-02,1.413047267887911351e-01,4.131128740191911675e+00
3.499999999999992006e-02,1.454347593474832057e-01,4.128904374594796423e+00
3.600000000000003197e-02,1.495625355379807675e-01,4.126616024469200283e+00
3.699999999999992184e-02,1.536879913964215860e-01,4.124263731737329408e+00
3.800000000000003375e-02,1.578110630014554761e-01,4.121847539493529666e+00
3.899999999999992362e-02,1.619316864754086482e-01,4.119367492003149778e+00
4.000000000000003553e-02,1.660497979854617945e-01,4.116823634702072354e+00
4.099999999999992539e-02,1.701653337448127967e-01,4.114216014195704929e+00
4.200000000000003730e-02,1.742782300138532303e-01,4.111544678258510999e+00
4.299999999999992717e-02,1.783884231013298238e-01,4.108809675832688413e+00
4.400000000000003908e-02,1.824958493655186587e-01,4.106011057027913580e+00
4.499999999999992895e-02,1.866004452153856297e-01,4.103148873119778273e+00
4.600000000000004086e-02,1.907021471117582301e-01,4.100223176549505411e+00
4.699999999999993072e-02,1.948008915684846243e-01,4.097234020922883246e+00
4.800000000000004263e-02,1.988966151536040172e-01,4.094181461009057443e+00
4.899999999999993250e-02,2.029892544905027296e-01,4.091065552739848954e+00
5.000000000000004441e-02,2.070787462590837347e-01,4.087886353208944001e+00
5.099999999999993427e-02,2.111650271969206238e-01,4.084643920670373518e+00
5.200000000000004619e-02,2.152480341004245346e-01,4.081338314537987344e+00
5.299999999999993605e-02,2.193277038259965894e-01,4.077969595384175250e+00
5.400000000000004796e-02,2.234039732911929088e-01,4.074537824939127972e+00
5.499999999999993783e-02,2.274767794758748296e-01,4.071043066089060858e+00
5.600000000000004974e-02,2.315460594233710589e-01,4.067485382876114386e+00
5.699999999999993960e-02,2.356117502416270604e-01,4.063864840496478337e+00
5.800000000000005151e-02,2.396737891043640711e-01,4.060181505299496507e+00
5.899999999999994138e-02,2.437321132522260458e-01,4.056435444786572475e+00
6.000000000000005329e-02,2.477866599939372583e-01,4.052626727609975887e+00
6.099999999999994316e-02,2.518373667074459976e-01,4.048755423571691381e+00
6.200000000000005507e-02,2.558841708410806715e-01,4.044821603621997497e+00
6.299999999999994493e-02,2.599270099146899771e-01,4.040825339858528764e+00
6.400000000000005684e-02,2.639658215207977832e-01,4.036766705524883037e+00
6.499999999999994671e-02,2.680005433257397485e-01,4.032645775009200406e+00
6.600000000000005862e-02,2.720311130708162328e-01,4.028462623843410029e+00
6.699999999999994849e-02,2.760574685734265010e-01,4.024217328700984808e+00
6.800000000000006040e-02,2.800795477282181922e-01,4.019909967396586126e+00
6.899999999999995026e-02,2.840972885082196364e-01,4.015540618884244850e+00
7.000000000000006217e-02,2.881106289659866593e-01,4.011109363256025517e+00
7.099999999999995204e-02,2.921195072347316790e-01,4.006616281740434715e+00
7.200000000000006395e-02,2.961238615294675691e-01,4.002061456701596853e+00
7.299999999999995381e-02,3.001236301481348678e-01,3.997444971637207800e+00
7.400000000000006573e-02,3.041187514727419772e-01,3.992766911177312750e+00
7.499999999999995559e-02,3.081091639704894858e-01,3.988027361083112510e+00
7.600000000000006750e-02,3.120948061949082586e-01,3.983226408245116090e+00
7.699999999999995737e-02,3.160756167869797073e-01,3.978364140681406980e+00
7.800000000000006928e-02,3.200515344762711045e-01,3.973440647537103132e+00
7.899999999999995914e-02,3.240224980820538558e-01,3.968456019081770592e+00
8.000000000000007105e-02,3.279884465144346506e-01,3.963410346708258203e+00
8.099999999999996092e-02,3.319493187754703478e-01,3.958303722930935464e+00
8.200000000000007283e-02,3.359050539602965735e-01,3.953136241384839877e+00
8.299999999999996270e-02,3.398555912582399974e-01,3.947907996822863197e+00
8.400000000000007461e-02,3.438008699539423230e-01,3.942619085114841937e+00
8.499999999999996447e-02,3.477408294284696777e-01,3.937269603246107863e+00
8.600000000000007638e-02,3.516754091604345489e-01,3.931859649315242677e+00
8.699999999999996625e-02,3.556045487271001226e-01,3.926389322532145343e+00
8.800000000000007816e-02,3.595281878054988889e-01,3.920858723217492070e+00
8.899999999999996803e-02,3.634462661735350930e-01,3.915267952799808882e+00
9.000000000000007994e-02,3.673587237110985670e-01,3.909617113814249478e+00
9.099999999999996980e-02,3.712655004011635729e-01,3.903906309900776250e+00
9.200000000000008171e-02,3.751665363309001355e-01,3.898135645802483396e+00
9.299999999999997158e-02,3.790617716927685565e-01,3.892305227362925280e+00
9.400000000000008349e-02,3.829511467856260842e-01,3.886415161525718531e+00
9.499999999999997335e-02,3.868346020158199838e-01,3.880465556331699872e+00
9.600000000000008527e-02,3.907120778982895448e-01,3.874456520916794489e+00
9.699999999999997513e-02,3.945835150576535444e-01,3.868388165511220222e+00
9.800000000000008704e-02,3.984488542293119773e-01,3.862260601436901197e+00
9.899999999999997691e-02,4.023080362605273574e-01,3.856073941104938285e+00
1.000000000000000888e-01,4.061610021115218960e-01,3.849828298015125938e+00
1.009999999999999787e-01,4.100076928565575818e-01,3.843523786752456317e+00
1.020000000000000906e-01,4.138480496850268642e-01,3.837160522986209799e+00
1.029999999999999805e-01,4.176820139025299583e-01,3.830738623467539128e+00
1.040000000000000924e-01,4.215095269319620308e-01,3.824258206027451479e+00
1.049999999999999822e-01,4.253305303145848426e-01,3.817719389574136812e+00
1.060000000000000941e-01,4.291449657111103266e-01,3.811122294092513130e+00
1.069999999999999840e-01,4.329527749027698991e-01,3.804467040640844289e+00
1.080000000000000959e-01,4.367538997923920974e-01,3.797753751348665219e+00
1.089999999999999858e-01,4.405482824054671731e-01,3.790982549414763980e+00
1.100000000000000977e-01,4.443358648912216213e-01,3.784153559105760678e+00
1.109999999999999876e-01,4.481165895236786656e-01,3.777266905753151605e+00
1.120000000000000995e-01,4.518903987027279578e-01,3.770322715751547094e+00
1.129999999999999893e-01,4.556572349551816781e-01,3.763321116555545132e+00
1.140000000000001013e-01,4.594170409358391272e-01,3.756262236679333455e+00
1.149999999999999911e-01,4.631697594285402730e-01,3.749146205692824196e+00
1.160000000000001030e-01,4.669153333472247924e-01,3.741973154219863318e+00
1.169999999999999929e-01,4.706537057369800103e-01,3.734743213936269512e+00
1.180000000000001048e-01,4.743848197750973883e-01,3.727456517567105720e+00
1.189999999999999947e-01,4.781086187721141911e-01,3.720113198885030670e+00
1.200000000000001066e-01,4.818250461728675327e-01,3.712713392707286175e+00
1.209999999999999964e-01,4.855340455575287151e-01,3.705257234892940232e+00
1.220000000000001084e-01,4.892355606426534442e-01,3.697744862342347005e+00
1.229999999999999982e-01,4.929295352822133935e-01,3.690176412992883570e+00
1.240000000000001101e-01,4.966159134686392584e-01,3.682552025817386721e+00
1.250000000000000000e-01,5.002946393338481013e-01,3.674871840821282376e+00
1.260000000000001119e-01,5.039656571502818538e-01,3.667135999041107652e+00
1.270000000000000018e-01,5.076289113319302215e-01,3.659344642540673931e+00
1.280000000000001137e-01,5.112843464353632461e-01,3.651497914410271051e+00
1.290000000000000036e-01,5.149319071607506570e-01,3.643595958762205100e+00
1.300000000000001155e-01,5.185715383528877176e-01,3.635638920729832080e+00
1.310000000000000053e-01,5.222031850022103017e-01,3.627626946464545199e+00
1.320000000000001172e-01,5.258267922458168542e-01,3.619560183133103237e+00
1.330000000000000071e-01,5.294423053684764735e-01,3.611438778914532577e+00
1.340000000000001190e-01,5.330496698036459868e-01,3.603262882999274552e+00
1.350000000000000089e-01,5.366488311344750350e-01,3.595032645584979036e+00
1.360000000000001208e-01,5.402397350948160426e-01,3.586748217874060174e+00
1.370000000000000107e-01,5.438223275702230852e-01,3.578409752071479488e+00
1.380000000000001226e-01,5.473965545989590842e-01,3.570017401382415301e+00
1.390000000000000124e-01,5.509623623729877906e-01,3.561571320008567909e+00
1.400000000000001243e-01,5.545196972389763168e-01,3.553071663146624815e+00
1.410000000000000142e-01,5.580685056992810145e-01,3.544518586984395370e+00
1.420000000000001261e-01,5.616087344129451209e-01,3.535912248699105476e+00
1.430000000000000160e-01,5.651403301966791970e-01,3.527252806454043821e+00
1.440000000000001279e-01,5.686632400258532227e-01,3.518540419396288144e+00
1.450000000000000178e-01,5.721774110354717058e-01,3.509775247652896724e+00
1.460000000000001297e-01,5.756827905211590046e-01,3.500957452329544140e+00
1.470000000000000195e-01,5.791793259401307736e-01,3.492087195506599073e+00
1.480000000000001315e-01,5.826669649121722916e-01,3.483164640236850573e+00
1.490000000000000213e-01,5.861456552206043558e-01,3.474189950542324823e+00
1.500000000000001332e-01,5.896153448132569475e-01,3.465163291412125091e+00
1.510000000000000231e-01,5.930759818034285757e-01,3.456084828798168473e+00
1.520000000000001350e-01,5.965275144708532817e-01,3.446954729613992185e+00
1.530000000000000249e-01,5.999698912626565406e-01,3.437773161730490301e+00
1.539999999999999147e-01,6.034030607943134950e-01,3.428540293973014741e+00
1.550000000000000266e-01,6.068269718506026367e-01,3.419256296120124716e+00
1.559999999999999165e-01,6.102415733865536041e-01,3.409921338898129761e+00
1.570000000000000284e-01,6.136468145283988651e-01,3.400535593980237081e+00
1.579999999999999183e-01,6.170426445745140764e-01,3.391099233982117767e+00
1.590000000000000302e-01,6.204290129963632161e-01,3.381612432459803586e+00
1.599999999999999201e-01,6.238058694394336134e-01,3.372075363905821632e+00
1.610000000000000320e-01,6.271731637241748647e-01,3.362488203746750060e+00
1.619999999999999218e-01,6.305308458469270905e-01,3.352851128340034847e+00
1.630000000000000338e-01,6.338788659808550774e-01,3.343164314971488693e+00
1.639999999999999236e-01,6.372171744768699853e-01,3.333427941850573006e+00
1.650000000000000355e-01,6.405457218645562723e-01,3.323642188108692608e+00
1.659999999999999254e-01,6.438644588530872959e-01,3.313807233795444063e+00
1.670000000000000373e-01,6.471733363321472421e-01,3.303923259876398788e+00
1.679999999999999272e-01,6.504723053728399540e-01,3.293990448228100831e+00
1.690000000000000391e-01,6.537613172286035335e-01,3.284008981636588942e+00
1.699999999999999289e-01,6.570403233361130635e-01,3.273979043793303845e+00
1.710000000000000409e-01,6.603092753161901030e-01,3.263900819292587130e+00
1.719999999999999307e-01,6.635681249746981925e-01,3.253774493627474840e+00
1.730000000000000426e-01,6.668168243034451326e-01,3.243600253187537419e+00
1.739999999999999325e-01,6.700553254810732717e-01,3.233378285254616458e+00
1.750000000000000444e-01,6.732835808739544570e-01,3.223108778000096208e+00
1.759999999999999343e-01,6.765015430370734384e-01,3.212791920481095076e+00
1.770000000000000462e-01,6.797091647149167137e-01,3.202427902638135038e+00
1.779999999999999361e-01,6.829063988423496045e-01,3.192016915290821544e+00
1.790000000000000480e-01,6.860931985454984394e-01,3.181559150135683467e+00
1.799999999999999378e-01,6.892695171426209688e-01,3.171054799740886665e+00
1.810000000000000497e-01,6.924353081449803327e-01,3.160504057544699208e+00
1.819999999999999396e-01,6.955905252577103681e-01,3.149907117850602845e+00
1.830000000000000515e-01,6.987351223806815836e-01,3.139264175825587699e+00
1.839999999999999414e-01,7.018690536093614707e-01,3.128575427495718486e+00
1.850000000000000533e-01,7.049922732356730393e-01,3.117841069742098625e+00
1.859999999999999432e-01,7.081047357488456928e-01,3.107061300298539663e+00
1.870000000000000551e-01,7.112063958362700999e-01,3.096236317747582234e+00
1.879999999999999449e-01,7.142972083843408537e-01,3.085366321517142296e+00
1.890000000000000568e-01,7.173771284793044600e-01,3.074451511877043686e+00
1.899999999999999467e-01,7.204461114080948914e-01,3.063492089935095919e+00
1.910000000000000586e-01,7.235041126591748029e-01,3.052488257633399371e+00
1.919999999999999485e-01,7.265510879233616492e-01,3.041440217746242070e+00
1.930000000000000604e-01,7.295869930946673465e-01,3.030348173875836437e+00
1.939999999999999503e-01,7.326117842711132866e-01,3.019212330446464421e+00
1.950000000000000622e-01,7.356254177555603402e-01,3.008032892704420647e+00
1.959999999999999520e-01,7.386278500565222060e-01,2.996810066712839671e+00
1.970000000000000639e-01,7.416190378889860879e-01,2.985544059348285373e+00
1.979999999999999538e-01,7.445989381752187164e-01,2.974235078295635049e+00
1.990000000000000657e-01,7.475675080455773669e-01,2.962883332046487794e+00
1.999999999999999556e-01,7.505247048393115517e-01,2.951489029895071781e+00
2.010000000000000675e-01,7.534704861053675984e-01,2.940052381933867309e+00
2.019999999999999574e-01,7.564048096031791291e-01,2.928573599049627774e+00
2.030000000000000693e-01,7.593276333034668646e-01,2.917052892921162766e+00
2.039999999999999591e-01,7.622389153890213320e-01,2.905490476014392698e+00
2.050000000000000711e-01,7.651386142554956749e-01,2.893886561579392946e+00
2.059999999999999609e-01,7.680266885121801446e-01,2.882241363645107413e+00
2.070000000000000728e-01,7.709030969827859181e-01,2.870555097017415846e+00
2.079999999999999627e-01,7.737677987062149265e-01,2.858827977274870591e+00
2.090000000000000746e-01,7.766207529373355678e-01,2.847060220763808047e+00
2.099999999999999645e-01,7.794619191477425435e-01,2.835252044595449661e+00
2.110000000000000764e-01,7.822912570265265764e-01,2.823403666643173437e+00
2.119999999999999662e-01,7.851087264810288069e-01,2.811515305535920106e+00
2.130000000000000782e-01,7.879142876375985205e-01,2.799587180656430974e+00
2.139999999999999680e-01,7.907079008423416600e-01,2.787619512137268885e+00
2.150000000000000799e-01,7.934895266618731124e-01,2.775612520856100218e+00
2.159999999999999698e-01,7.962591258840537867e-01,2.763566428432170596e+00
2.170000000000000817e-01,7.990166595187375709e-01,2.751481457223007965e+00
2.179999999999999716e-01,8.017620887984997502e-01,2.739357830318795095e+00
2.190000000000000835e-01,8.044953751793751939e-01,2.727195771540209535e+00
2.199999999999999734e-01,8.072164803415801115e-01,2.714995505433705603e+00
2.210000000000000853e-01,8.099253661902426904e-01,2.702757257268274316e+00
2.219999999999999751e-01,8.126219948561166362e-01,2.690481253029986419e+00
2.230000000000000870e-01,8.153063286963028178e-01,2.678167719419377590e+00
2.239999999999999769e-01,8.179783302949553692e-01,2.665816883846275687e+00
2.250000000000000888e-01,8.206379624639954518e-01,2.653428974427640696e+00
2.259999999999999787e-01,8.232851882438106950e-01,2.641004219980800372e+00
2.270000000000000906e-01,8.259199709039570791e-01,2.628542850022313360e+00
2.279999999999999805e-01,8.285422739438552675e-01,2.616045094762000645e+00
2.290000000000000924e-01,8.311520610934811648e-01,2.603511185098341230e+00
2.299999999999999822e-01,8.337492963140519242e-01,2.590941352617335269e+00
2.310000000000000941e-01,8.363339437987158398e-01,2.578335829585796546e+00
2.319999999999999840e-01,8.389059679732234764e-01,2.565694848947032369e+00
2.330000000000000959e-01,8.414653334966100129e-01,2.553018644319308805e+00
2.339999999999999858e-01,8.440120052618620416e-01,2.540307449989029465e+00
2.350000000000000977e-01,8.465459483965880327e-01,2.527561500907438585e+00
2.359999999999999876e-01,8.490671282636768069e-01,2.514781032686983053e+00
2.370000000000000995e-01,8.515755104619620042e-01,2.501966281597560737e+00
2.379999999999999893e-01,8.540710608268717863e-01,2.489117484560040339e+00
2.390000000000001013e-01,8.565537454310822030e-01,2.476234879145295054e+00
2.399999999999999911e-01,8.590235305851622316e-01,2.463318703566983459e+00
2.410000000000001030e-01,8.614803828382162632e-01,2.450369196678934713e+00
2.419999999999999929e-01,8.639242689785199270e-01,2.437386597971055835e+00
2.430000000000001048e-01,8.663551560341584690e-01,2.424371147564897910e+00
2.439999999999999947e-01,8.687730112736495869e-01,2.411323086208255972e+00
2.450000000000001066e-01,8.711778022065750360e-01,2.398242655272383672e+00
2.459999999999999964e-01,8.735694965841943604e-01,2.385130096746763684e+00
2.470000000000001084e-01,8.759480624000686166e-01,2.371985653236208691e+00
2.479999999999999982e-01,8.783134678906667769e-01,2.358809567954267550e+00
2.490000000000001101e-01,8.806656815359772406e-01,2.345602084720667335e+00
2.500000000000000000e-01,8.830046720601080201e-01,2.332363447956311120e+00
2.510000000000001119e-01,8.853304084318899259e-01,2.319093902680037900e+00
2.520000000000000018e-01,8.876428598654679814e-01,2.305793694502426661e+00
2.530000000000001137e-01,8.899419958208949488e-01,2.292463069622669991e+00
2.540000000000000036e-01,8.922277860047131970e-01,2.279102274823344487e+00
2.550000000000001155e-01,8.945002003705417870e-01,2.265711557467454895e+00
2.560000000000000053e-01,8.967592091196480153e-01,2.252291165492977143e+00
2.570000000000001172e-01,8.990047827015278381e-01,2.238841347408765614e+00
2.580000000000000071e-01,9.012368918144655350e-01,2.225362352288755119e+00
2.590000000000001190e-01,9.034555074061054736e-01,2.211854429770596653e+00
2.600000000000000089e-01,9.056606006740066661e-01,2.198317830048097221e+00
2.610000000000001208e-01,9.078521430662017666e-01,2.184752803869230320e+00
2.620000000000000107e-01,9.100301062817450770e-01,2.171159602529201038e+00
2.630000000000001226e-01,9.121944622712602202e-01,2.157538477868115478e+00
2.640000000000000124e-01,9.143451832374812627e-01,2.143889682265523788e+00
2.650000000000001243e-01,9.164822416357912838e-01,2.130213468636327434e+00
2.660000000000000142e-01,9.186056101747538394e-01,2.116510090425720136e+00
2.670000000000001261e-01,9.207152618166427605e-01,2.102779801605151988e+00
2.680000000000000160e-01,9.228111697779640688e-01,2.089022856667725137e+00
2.690000000000001279e-01,9.248933075299782258e-01,2.075239510623191563e+00
2.700000000000000178e-01,9.269616487992103915e-01,2.061430018994144575e+00
2.710000000000001297e-01,9.290161675679665665e-01,2.047594637811187113e+00
2.720000000000000195e-01,9.310568380748326378e-01,2.033733623608043217e+00
2.730000000000001315e-01,9.330836348151827497e-01,2.019847233417976895e+00
2.740000000000000213e-01,9.350965325416684681e-01,2.005935724766914063e+00
2.750000000000001332e-01,9.370955062647166045e-01,1.991999355672362526e+00
2.760000000000000231e-01,9.390805312530131621e-01,1.978038384635397051e+00
2.770000000000001350e-01,9.410515830339875043e-01,1.964053070638215104e+00
2.780000000000000249e-01,9.430086373942895284e-01,1.950043673138509348e+00
2.790000000000001368e-01,9.449516703802645079e-01,1.936010452065602294e+00
2.800000000000000266e-01,9.468806582984206077e-01,1.921953667814932487e+00
2.809999999999999165e-01,9.487955777158939563e-01,1.907873581243620720e+00
2.820000000000000284e-01,9.506964054609079451e-01,1.893770453666832054e+00
2.829999999999999183e-01,9.525831186232275316e-01,1.879644546851181985e+00
2.840000000000000302e-01,9.544556945546104343e-01,1.865496123012633234e+00
2.849999999999999201e-01,9.563141108692526648e-01,1.851325444809106102e+00
2.860000000000000320e-01,9.581583454442286207e-01,1.837132775336783652e+00
2.869999999999999218e-01,9.599883764199261815e-01,1.822918378127269534e+00
2.880000000000000338e-01,9.618041822004831376e-01,1.808682517140198343e+00
2.889999999999999236e-01,9.636057414542065214e-01,1.794425456759256576e+00
2.900000000000000355e-01,9.653930331140017085e-01,1.780147461788430974e+00
2.909999999999999254e-01,9.671660363777832004e-01,1.765848797445926266e+00
2.920000000000000373e-01,9.689247307088936223e-01,1.751529729361493537e+00
2.929999999999999272e-01,9.706690958365061794e-01,1.737190523568983735e+00
2.940000000000000391e-01,9.723991117560316644e-01,1.722831446503619190e+00
2.949999999999999289e-01,9.741147587295132526e-01,1.708452764994945028e+00
2.960000000000000409e-01,9.758160172860217418e-01,1.694054746266033362e+00
2.969999999999999307e-01,9.775028682220452403e-01,1.679637657925354688e+00
2.980000000000000426e-01,9.791752926018726377e-01,1.665201767962059876e+00
2.989999999999999325e-01,9.808332717579691939e-01,1.650747344742001133e+00
3.000000000000000444e-01,9.824767872913567901e-01,1.636274657005458266e+00
3.009999999999999343e-01,9.841058210719799693e-01,1.621783973856622652e+00
3.020000000000000462e-01,9.857203552390702006e-01,1.607275564763483544e+00
3.029999999999999361e-01,9.873203722015068129e-01,1.592749699551177400e+00
3.040000000000000480e-01,9.889058546381727099e-01,1.578206648397951994e+00
3.049999999999999378e-01,9.904767854983026476e-01,1.563646681829027330e+00
3.060000000000000497e-01,9.920331480018308445e-01,1.549070070713298719e+00
3.069999999999999396e-01,9.935749256397291562e-01,1.534477086257766132e+00
3.080000000000000515e-01,9.951021021743464701e-01,1.519868000001338260e+00
3.089999999999999414e-01,9.966146616397317803e-01,1.505243083812274563e+00
3.100000000000000533e-01,9.981125883419711409e-01,1.490602609883410423e+00
3.109999999999999432e-01,9.995958668594985275e-01,1.475946850722834824e+00
3.120000000000000551e-01,1.001064482043416914e+00,1.461276079155368279e+00
3.129999999999999449e-01,1.002518419017809137e+00,1.446590568314377379e+00
3.140000000000000568e-01,1.003957663180045756e+00,1.431890591634953580e+00
3.149999999999999467e-01,1.005382200201079046e+00,1.417176422852605810e+00
3.160000000000000586e-01,1.006792016025751080e+00,1.402448335997405593e+00
3.169999999999999485e-01,1.008187096873073729e+00,1.387706605386824776e+00
3.180000000000000604e-01,1.009567429236524871e+00,1.372951505624200763e+00
3.189999999999999503e-01,1.010932999884322170e+00,1.358183311590948961e+00
3.200000000000000622e-01,1.012283795859706848e+00,1.343402298443663767e+00
3.209999999999999520e-01,1.013619804481209474e+00,1.328608741606956301e+00
3.220000000000000639e-01,1.014941013342920861e+00,1.313802916771123819e+00
3.229999999999999538e-01,1.016247410314751631e+00,1.298985099885328509e+00
3.240000000000000657e-01,1.017538983542691566e+00,1.284155567153618449e+00
3.249999999999999556e-01,1.018815721449058742e+00,1.269314595028845361e+00
3.260000000000000675e-01,1.020077612732749328e+00,1.254462460208912944e+00
3.269999999999999574e-01,1.021324646369476508e+00,1.239599439630239885e+00
3.280000000000000693e-01,1.022556811612009842e+00,1.224725810464974529e+00
3.289999999999999591e-01,1.023774097990406418e+00,1.209841850115310535e+00
3.300000000000000711e-01,1.024976495312240665e+00,1.194947836206438296e+00
3.309999999999999609e-01,1.026163993662819296e+00,1.180044046582679584e+00
3.320000000000000728e-01,1.027336583405406234e+00,1.165130759305839092e+00
3.329999999999999627e-01,1.028494255181430894e+00,1.150208252643892592e+00
3.340000000000000746e-01,1.029636999910694017e+00,1.135276805071043782e+00
3.349999999999999645e-01,1.030764808791572840e+00,1.120336695261471505e+00
3.360000000000000764e-01,1.031877673301217158e+00,1.105388202082735916e+00
3.369999999999999662e-01,1.032975585195738066e+00,1.090431604591572068e+00
3.380000000000000782e-01,1.034058536510400250e+00,1.075467182030479307e+00
3.389999999999999680e-01,1.035126519559799174e+00,1.060495213819763194e+00
3.400000000000000799e-01,1.036179526938039830e+00,1.045515979555716513e+00
3.409999999999999698e-01,1.037217551518910597e+00,1.030529759002774881e+00
3.420000000000000817e-01,1.038240586456045333e+00,1.015536832089310337e+00
3.429999999999999716e-01,1.039248625183089247e+00,1.000537478904561794e+00
3.440000000000000835e-01,1.040241661413854546e+00,9.855319796898811546e-01
3.449999999999999734e-01,1.041219689142468985e+00,9.705206148365732588e-01
3.460000000000000853e-01,1.042182702643527747e+00,9.555036648799841714e-01
3.469999999999999751e-01,1.043130696472228891e+00,9.404814104940442121e-01
3.480000000000000870e-01,1.044063665464516122e+00,9.254541324881984110e-01
3.489999999999999769e-01,1.044981604737205139e+00,9.104221117968336330e-01
3.500000000000000888e-01,1.045884509688109976e+00,8.953856294824618089e-01
3.509999999999999787e-01,1.046772375996170013e+00,8.803449667237828180e-01
3.520000000000000906e-01,1.047645199621557666e+00,8.653004048126149428e-01
3.529999999999999805e-01,1.048502976805795184e+00,8.502522251510526985e-01
3.540000000000000924e-01,1.049345704071859897e+00,8.352007092431676938e-01
3.549999999999999822e-01,1.050173378224281695e+00,8.201461386918253993e-01
3.560000000000000941e-01,1.050985996349243612e+00,8.050887951935692399e-01
3.569999999999999840e-01,1.051783555814668869e+00,7.900289605308898899e-01
3.580000000000000959e-01,1.052566054270305695e+00,7.749669165717705255e-01
3.589999999999999858e-01,1.053333489647812371e+00,7.599029452612739988e-01
3.600000000000000977e-01,1.054085860160828503e+00,7.448373286171090513e-01
3.609999999999999876e-01,1.054823164305046523e+00,7.297703487245144061e-01
3.620000000000000995e-01,1.055545400858277638e+00,7.147022877305744260e-01
3.629999999999999893e-01,1.056252568880507781e+00,6.996334278413769425e-01
3.640000000000001013e-01,1.056944667713960451e+00,6.845640513155331064e-01
3.649999999999999911e-01,1.057621696983138682e+00,6.694944404565603691e-01
3.660000000000001030e-01,1.058283656594873667e+00,6.544248776118593014e-01
3.669999999999999929e-01,1.058930546738362288e+00,6.393556451665745044e-01
3.680000000000001048e-01,1.059562367885206857e+00,6.242870255360912779e-01
3.689999999999999947e-01,1.060179120789434215e+00,6.092193011627387023e-01
3.700000000000001066e-01,1.060780806487532368e+00,5.941527545114695386e-01
3.709999999999999964e-01,1.061367426298457151e+00,5.790876680630390183e-01
3.720000000000001084e-01,1.061938981823658423e+00,5.640243243105942383e-01
3.729999999999999982e-01,1.062495474947078300e+00,5.489630057520571427e-01
3.740000000000001101e-01,1.063036907835162692e+00,5.339039948887602804e-01
3.750000000000000000e-01,1.063563282936855536e+00,5.188475742149876169e-01
3.760000000000001119e-01,1.064074602983592799e+00,5.037940262187703411e-01
3.770000000000000018e-01,1.064570870989292928e+00,4.887436333719961112e-01
3.780000000000001137e-01,1.065052090250337091e+00,4.736966781292721862e-01
3.790000000000000036e-01,1.065518264345551191e+00,4.586534429190578521e-01
3.800000000000001155e-01,1.065969397136175445e+00,4.436142101409359384e-01
3.810000000000000053e-01,1.066405492765832852e+00,4.285792621594737284e-01
3.820000000000001172e-01,1.066826555660494558e+00,4.135488813001302333e-01
3.830000000000000071e-01,1.067232590528433001e+00,3.985233498431171029e-01
3.840000000000001190e-01,1.067623602360180834e+00,3.835029500186237783e-01
3.850000000000000089e-01,1.067999596428470088e+00,3.684879640005647161e-01
3.860000000000001208e-01,1.068360578288181983e+00,3.534786739047603987e-01
3.870000000000000107e-01,1.068706553776279655e+00,3.384753617798423875e-01
3.880000000000001226e-01,1.069037529011741761e+00,3.234783096054343332e-01
3.890000000000000124e-01,1.069353510395490314e+00,3.084877992841938976e-01
3.900000000000001243e-01,1.069654504610310086e+00,2.935041126378337140e-01
3.910000000000000142e-01,1.069940518620766001e+00,2.785275314032560345e-01
3.920000000000001261e-01,1.070211559673116763e+00,2.635583372272094493e-01
3.930000000000000160e-01,1.070467635295220266e+00,2.485968116578760601e-01
3.940000000000001279e-01,1.070708753296432558e+00,2.336432361439619854e-01
3.950000000000000178e-01,1.070934921767508152e+00,2.186978920275350902e-01
3.960000000000001297e-01,1.071146149080487442e+00,2.037610605384543305e-01
3.970000000000000195e-01,1.071342443888584794e+00,1.888330227914138959e-01
3.980000000000001315e-01,1.071523815126070422e+00,1.739140597793493725e-01
3.990000000000000213e-01,1.071690272008143596e+00,1.590044523667302201e-01
4.000000000000001332e-01,1.071841824030804080e+00,1.441044812881955295e-01
4.010000000000000231e-01,1.071978480970719794e+00,1.292144271400275102e-01
4.020000000000001350e-01,1.072100252885084037e+00,1.143345703777640665e-01
4.030000000000000249e-01,1.072207150111475382e+00,9.946519130915021378e-02
4.040000000000001368e-01,1.072299183267702460e+00,8.460657008959060477e-02
4.050000000000000266e-01,1.072376363251654530e+00,6.975898671748836932e-02
4.060000000000001386e-01,1.072438701241137604e+00,5.492272102878814621e-02
4.070000000000000284e-01,1.072486208693711918e+00,4.009805269140542805e-02
4.079999999999999183e-01,1.072518897346520506e+00,2.528526120227070351e-02
4.090000000000000302e-01,1.072536779216116676e+00,1.048462587959875236e-02
4.099999999999999201e-01,1.072539866598279712e+00,-4.303574141999888525e-03
4.110000000000000320e-01,1.072528172067832797e+00,-1.907905991311054095e-02
4.119999999999999218e-01,1.072501708478453386e+00,-3.384155267985988758e-02
4.130000000000000338e-01,1.072460488962473146e+00,-4.859077388493915350e-02
4.139999999999999236e-01,1.072404526930683666e+00,-6.332644517294738762e-02
4.150000000000000355e-01,1.072333836072127067e+00,-7.804828839778110705e-02
4.159999999999999254e-01,1.072248430353887727e+00,-9.275602562649964966e-02
4.170000000000000373e-01,1.072148324020874011e+00,-1.074493791442137081e-01
4.179999999999999272e-01,1.072033531595599110e+00,-1.221280714588601768e-01
4.190000000000000391e-01,1.071904067877956335e+00,-1.367918253052948785e-01
4.199999999999999289e-01,1.071759947944988411e+00,-1.514403636534780162e-01
4.210000000000000409e-01,1.071601187150649448e+00,-1.660734097104068496e-01
4.219999999999999307e-01,1.071427801125567569e+00,-1.806906869272779659e-01
4.230000000000000426e-01,1.071239805776794896e+00,-1.952919190024431373e-01
4.239999999999999325e-01,1.071037217287562404e+00,-2.098768298883442185e-01
4.250000000000000444e-01,1.070820052117018362e+00,-2.244451437954921857e-01
4.259999999999999343e-01,1.070588326999971196e+00,-2.389965851969009236e-01
4.270000000000000462e-01,1.070342058946624597e+00,-2.535308788346810616e-01
4.279999999999999361e-01,1.070081265242301960e+00,-2.680477497243600737e-01
4.290000000000000480e-01,1.069805963447175934e+00,-2.825469231586339447e-01
4.299999999999999378e-01,1.069516171395984427e+00,-2.970281247146431269e-01
4.310000000000000497e-01,1.069211907197746614e+00,-3.114910802571557724e-01
4.319999999999999396e-01,1.068893189235469832e+00,-3.259355159444794481e-01
4.330000000000000515e-01,1.068560036165857818e+00,-3.403611582314169937e-01
4.339999999999999414e-01,1.068212466919006953e+00,-3.547677338784751555e-01
4.350000000000000533e-01,1.067850500698101168e+00,-3.691549699515235261e-01
4.359999999999999432e-01,1.067474156979103750e+00,-3.835225938320263595e-01
4.370000000000000551e-01,1.067083455510437151e+00,-3.978703332171562579e-01
4.379999999999999449e-01,1.066678416312669242e+00,-4.121979161280933113e-01
4.390000000000000568e-01,1.066259059678181131e+00,-4.265050709130946416e-01
4.399999999999999467e-01,1.065825406170842982e+00,-4.407915262535198053e-01
4.410000000000000586e-01,1.065377476625674280e+00,-4.550570111684919539e-01
4.419999999999999485e-01,1.064915292148506110e+00,-4.693012550191042465e-01
4.430000000000000604e-01,1.064438874115636313e+00,-4.835239875138768184e-01
4.439999999999999503e-01,1.063948244173478219e+00,-4.977249387144411230e-01
4.450000000000000622e-01,1.063443424238207591e+00,-5.119038390378136683e-01
4.459999999999999520e-01,1.062924436495402469e+00,-5.260604192650362165e-01
4.470000000000000639e-01,1.062391303399677689e+00,-5.401944105421989661e-01
4.479999999999999538e-01,1.061844047674318059e+00,-5.543055443885123168e-01
4.490000000000000657e-01,1.061282692310900666e+00,-5.683935526994901011e-01
4.499999999999999556e-01,1.060707260568919175e+00,-5.824581677510423106e-01
4.510000000000000675e-01,1.060117775975398580e+00,-5.964991222061826193e-01
4.519999999999999574e-01,1.059514262324506628e+00,-6.105161491192347967e-01
4.530000000000000693e-01,1.058896743677160357e+00,-6.245089819391296260e-01
4.539999999999999591e-01,1.058265244360628188e+00,-6.384773545173629827e-01
4.550000000000000711e-01,1.057619788968125807e+00,-6.524210011094737638e-01
4.559999999999999609e-01,1.056960402358409157e+00,-6.663396563815240370e-01
4.570000000000000728e-01,1.056287109655362988e+00,-6.802330554144191410e-01
4.579999999999999627e-01,1.055599936247580084e+00,-6.941009337101604615e-01
4.590000000000000746e-01,1.054898907787942708e+00,-7.079430271929822993e-01
4.599999999999999645e-01,1.054184050193193833e+00,-7.217590722186741914e-01
4.610000000000000764e-01,1.053455389643505491e+00,-7.355488055758314658e-01
4.619999999999999662e-01,1.052712952582042227e+00,-7.493119644921080180e-01
4.630000000000000782e-01,1.051956765714521236e+00,-7.630482866388774710e-01
4.639999999999999680e-01,1.051186856008764492e+00,-7.767575101357806489e-01
4.650000000000000799e-01,1.050403250694249779e+00,-7.904393735541361821e-01
4.659999999999999698e-01,1.049605977261656387e+00,-8.040936159243301518e-01
4.670000000000000817e-01,1.048795063462401256e+00,-8.177199767385445739e-01
4.679999999999999716e-01,1.047970537308179129e+00,-8.313181959554185596e-01
4.690000000000000835e-01,1.047132427070490479e+00,-8.448880140065284650e-01
4.699999999999999734e-01,1.046280761280165894e+00,-8.584291717978658198e-01
4.710000000000000853e-01,1.045415568726894673e+00,-8.719414107165448513e-01
4.719999999999999751e-01,1.044536878458732776e+00,-8.854244726375100072e-01
4.730000000000000870e-01,1.043644719781619656e+00,-8.988780999231948954e-01
4.739999999999999769e-01,1.042739122258886209e+00,-9.123020354309119284e-01
4.750000000000000888e-01,1.041820115710757833e+00,-9.256960225186503521e-01
4.759999999999999787e-01,1.040887730213848839e+00,-9.390598050479184167e-01
4.770000000000000906e-01,1.039941996100662180e+00,-9.523931273870402947e-01
4.779999999999999805e-01,1.038982943959074756e+00,-9.656957344197962811e-01
4.790000000000000924e-01,1.038010604631822709e+00,-9.789673715454227931e-01
4.799999999999999822e-01,1.037025009215983840e+00,-9.922077846867978224e-01
4.810000000000000941e-01,1.036026189062449143e+00,-1.005416720291691490e+00
4.819999999999999840e-01,1.035014175775400114e+00,-1.018593925340610440e+00
4.830000000000000959e-01,1.033989001211768066e+00,-1.031739147348844199e+00
4.839999999999999858e-01,1.032950697480702562e+00,-1.044852134370898966e+00
4.850000000000000977e-01,1.031899296943026512e+00,-1.057932635006750388e+00
4.859999999999999876e-01,1.030834832210688834e+00,-1.070980398406391032e+00
4.870000000000000995e-01,1.029757336146213786e+00,-1.083995174270967254e+00
4.879999999999999893e-01,1.028666841862146963e+00,-1.096976712860509906e+00
4.890000000000001013e-01,1.027563382720492857e+00,-1.109924764997117563e+00
4.899999999999999911e-01,1.026446992332152641e+00,-1.122839082070072436e+00
4.910000000000001030e-01,1.025317704556352849e+00,-1.135719416038341478e+00
4.919999999999999929e-01,1.024175553500076052e+00,-1.148565519437624971e+00
4.930000000000001048e-01,1.023020573517477771e+00,-1.161377145383028164e+00
4.939999999999999947e-01,1.021852799209309826e+00,-1.174154047573381376e+00
4.950000000000001066e-01,1.020672265422331026e+00,-1.186895980295389563e+00
4.959999999999999964e-01,1.019479007248718982e+00,-1.199602698429714565e+00
4.970000000000001084e-01,1.018273060025471688e+00,-1.212273957453362527e+00
4.979999999999999982e-01,1.017054459333812222e+00,-1.224909513444458753e+00
4.990000000000001101e-01,1.015823240998582788e+00,-1.237509123086681484e+00
5.000000000000000000e-01,1.014579441087638756e+00,-1.250072543673638847e+00
5.010000000000001119e-01,1.013323095911235594e+00,-1.262599533113302641e+00
5.020000000000000018e-01,1.012054242021412032e+00,-1.275089849931873687e+00
5.030000000000001137e-01,1.010772916211371886e+00,-1.287543253276908217e+00
5.040000000000000036e-01,1.009479155514858117e+00,-1.299959502923798027e+00
5.050000000000001155e-01,1.008172997205524446e+00,-1.312338359277930522e+00
5.060000000000000053e-01,1.006854478796302077e+00,-1.324679583380941494e+00
5.070000000000001172e-01,1.005523638038762657e+00,-1.336982936911851994e+00
5.080000000000000071e-01,1.004180512922478341e+00,-1.349248182194003221e+00
5.090000000000001190e-01,1.002825141674374754e+00,-1.361475082198012387e+00
5.100000000000000089e-01,1.001457562758082176e+00,-1.373663400545808599e+00
5.110000000000001208e-01,1.000077814873283177e+00,-1.385812901513986617e+00
5.120000000000000107e-01,9.986859369550541432e-01,-1.397923350040457535e+00
5.130000000000001226e-01,9.972819681732023600e-01,-1.409994511724903532e+00
5.140000000000000124e-01,9.958659479316043228e-01,-1.422026152836394886e+00
5.150000000000001243e-01,9.944379158675297203e-01,-1.434018040313958409e+00
5.160000000000000142e-01,9.929979118509763003e-01,-1.445969941772659695e+00
5.170000000000001261e-01,9.915459759839845288e-01,-1.457881625507695844e+00
5.180000000000000160e-01,9.900821485999607985e-01,-1.469752860498147129e+00
5.190000000000001279e-01,9.886064702629883127e-01,-1.481583416408795983e+00
5.200000000000000178e-01,9.871189817671431888e-01,-1.493373063597402961e+00
5.210000000000001297e-01,9.856197241357935734e-01,-1.505121573116184663e+00
5.220000000000000195e-01,9.841087386209106391e-01,-1.516828716717611769e+00
5.230000000000001315e-01,9.825860667023584849e-01,-1.528494266855545902e+00
5.240000000000000213e-01,9.810517500871994701e-01,-1.540117996690980817e+00
5.250000000000001332e-01,9.795058307089766769e-01,-1.551699680096589873e+00
5.260000000000000231e-01,9.779483507270061438e-01,-1.563239091659568203e+00
5.270000000000001350e-01,9.763793525256575512e-01,-1.574736006683792766e+00
5.280000000000000249e-01,9.747988787136384614e-01,-1.586190201195961436e+00
5.290000000000001368e-01,9.732069721232656789e-01,-1.597601451949003604e+00
5.300000000000000266e-01,9.716036758097403858e-01,-1.608969536424751823e+00
5.310000000000001386e-01,9.699890330504162828e-01,-1.620294232837920845e+00
5.320000000000000284e-01,9.683630873440645104e-01,-1.631575320141109842e+00
5.330000000000001403e-01,9.667258824101340187e-01,-1.642812578026166648e+00
5.340000000000000302e-01,9.650774621880120474e-01,-1.654005786929872102e+00
5.350000000000001421e-01,9.634178708362743926e-01,-1.665154728035986409e+00
5.360000000000000320e-01,9.617471527319398916e-01,-1.676259183281274545e+00
5.369999999999999218e-01,9.600653524697122521e-01,-1.687318935355335725e+00
5.380000000000000338e-01,9.583725148612293188e-01,-1.698333767706742492e+00
5.389999999999999236e-01,9.566686849342986854e-01,-1.709303464547986096e+00
5.400000000000000355e-01,9.549539079321334167e-01,-1.720227810854623840e+00
5.409999999999999254e-01,9.532282293125893258e-01,-1.731106592372100295e+00
5.420000000000000373e-01,9.514916947473892606e-01,-1.741939595618759995e+00
5.429999999999999272e-01,9.497443501213517214e-01,-1.752726607888860144e+00
5.440000000000000391e-01,9.479862415316117064e-01,-1.763467417255355940e+00
5.449999999999999289e-01,9.462174152868408905e-01,-1.774161812574334363e+00
5.460000000000000409e-01,9.444379179064631424e-01,-1.784809583487231066e+00
5.469999999999999307e-01,9.426477961198663769e-01,-1.795410520426912626e+00
5.480000000000000426e-01,9.408470968656094113e-01,-1.805964414617449165e+00
5.489999999999999325e-01,9.390358672906313764e-01,-1.816471058079173417e+00
5.500000000000000444e-01,9.372141547494511338e-01,-1.826930243631977646e+00
5.509999999999999343e-01,9.353820068033673607e-01,-1.837341764898894780e+00
5.520000000000000462e-01,9.335394712196534162e-01,-1.847705416307917403e+00
5.529999999999999361e-01,9.316865959707514300e-01,-1.858020993097227347e+00
5.540000000000000480e-01,9.298234292334590645e-01,-1.868288291316446248e+00
5.549999999999999378e-01,9.279500193881184966e-01,-1.878507107831580925e+00
5.560000000000000497e-01,9.260664150177959630e-01,-1.888677240325989715e+00
5.569999999999999396e-01,9.241726649074664124e-01,-1.898798487306066818e+00
5.580000000000000515e-01,9.222688180431839466e-01,-1.908870648102151790e+00
5.589999999999999414e-01,9.203549236112620324e-01,-1.918893522872338053e+00
5.600000000000000533e-01,9.184310309974393904e-01,-1.928866912606451933e+00
5.609999999999999432e-01,9.164971897860491046e-01,-1.938790619128326398e+00
5.620000000000000551e-01,9.145534497591827350e-01,-1.948664445097733733e+00
5.629999999999999449e-01,9.125998608958534319e-01,-1.958488194015103545e+00
5.640000000000000568e-01,9.106364733711526105e-01,-1.968261670223057536e+00
5.649999999999999467e-01,9.086633375554071801e-01,-1.977984678911241190e+00
5.660000000000000586e-01,9.066805040133302240e-01,-1.987657026116323777e+00
5.669999999999999485e-01,9.046880235031745654e-01,-1.997278518727512164e+00
5.680000000000000604e-01,9.026859469758752308e-01,-2.006848964488654019e+00
5.689999999999999503e-01,9.006743255741972431e-01,-2.016368171999488368e+00
5.700000000000000622e-01,8.986532106318763091e-01,-2.025835950720420442e+00
5.709999999999999520e-01,8.966226536727562868e-01,-2.035252110975022788e+00
5.720000000000000639e-01,8.945827064099264314e-01,-2.044616463950774232e+00
5.729999999999999538e-01,8.925334207448545332e-01,-2.053928821705824248e+00
5.740000000000000657e-01,8.904748487665149481e-01,-2.063188997166037097e+00
5.749999999999999556e-01,8.884070427505224021e-01,-2.072396804132097259e+00
5.760000000000000675e-01,8.863300551582508069e-01,-2.081552057280930512e+00
5.769999999999999574e-01,8.842439386359604026e-01,-2.090654572168830327e+00
5.780000000000000693e-01,8.821487460139131320e-01,-2.099704165231116804e+00
5.789999999999999591e-01,8.800445303054981183e-01,-2.108700653788162072e+00
5.800000000000000711e-01,8.779313447063368248e-01,-2.117643856046811379e+00
5.809999999999999609e-01,8.758092425934043135e-01,-2.126533591101463117e+00
5.820000000000000728e-01,8.736782775241339616e-01,-2.135369678938332072e+00
5.829999999999999627e-01,8.715385032355276174e-01,-2.144151940437382109e+00
5.840000000000000746e-01,8.693899736432593173e-01,-2.152880197373633564e+00
5.849999999999999645e-01,8.672327428407803351e-01,-2.161554272420914913e+00
5.860000000000000764e-01,8.650668650984174590e-01,-2.170173989153511229e+00
5.869999999999999662e-01,8.628923948624731555e-01,-2.178739172048778983e+00
5.880000000000000782e-01,8.607093867543198495e-01,-2.187249646488396593e+00
5.889999999999999680e-01,8.585178955694962033e-01,-2.195705238762627687e+00
5.900000000000000799e-01,8.563179762767946235e-01,-2.204105776070207412e+00
5.909999999999999698e-01,8.541096840173556526e-01,-2.212451086521753041e+00
5.920000000000000817e-01,8.518930741037511467e-01,-2.220740999141980865e+00
5.929999999999999716e-01,8.496682020190716722e-01,-2.228975343871411496e+00
5.940000000000000835e-01,8.474351234160083512e-01,-2.237153951568359389e+00
5.949999999999999734e-01,8.451938941159348184e-01,-2.245276654012172912e+00
5.960000000000000853e-01,8.429445701079839592e-01,-2.253343283903177507e+00
5.969999999999999751e-01,8.406872075481284234e-01,-2.261353674865688390e+00
5.980000000000000870e-01,8.384218627582525896e-01,-2.269307661450682190e+00
5.989999999999999769e-01,8.361485922252270830e-01,-2.277205079136990662e+00
6.000000000000000888e-01,8.338674525999787424e-01,-2.285045764332437557e+00
6.009999999999999787e-01,8.315785006965621395e-01,-2.292829554377078694e+00
6.020000000000000906e-01,8.292817934912246614e-01,-2.300556287544281986e+00
6.029999999999999805e-01,8.269773881214734779e-01,-2.308225803043114865e+00
6.040000000000000924e-01,8.246653418851386252e-01,-2.315837941018344281e+00
6.049999999999999822e-01,8.223457122394366436e-01,-2.323392542554643114e+00
6.060000000000000941e-01,8.200185568000294412e-01,-2.330889449675680680e+00
6.069999999999999840e-01,8.176839333400851562e-01,-2.338328505348442832e+00
6.080000000000000959e-01,8.153418997893325804e-01,-2.345709553483175114e+00
6.089999999999999858e-01,8.129925142331188015e-01,-2.353032438934633319e+00
6.100000000000000977e-01,8.106358349114632933e-01,-2.360297007503959321e+00
6.109999999999999876e-01,8.082719202181108953e-01,-2.367503105942432740e+00
6.120000000000000995e-01,8.059008286995785753e-01,-2.374650581948685613e+00
6.129999999999999893e-01,8.035226190542135161e-01,-2.381739284173590931e+00
6.140000000000001013e-01,8.011373501312314405e-01,-2.388769062220262640e+00
6.149999999999999911e-01,7.987450809297729215e-01,-2.395739766645419877e+00
6.160000000000001030e-01,7.963458705979405972e-01,-2.402651248961490182e+00
6.169999999999999929e-01,7.939397784318499296e-01,-2.409503361636893715e+00
6.180000000000001048e-01,7.915268638746669749e-01,-2.416295958097464336e+00
6.189999999999999947e-01,7.891071865156549237e-01,-2.423028892728154915e+00
6.200000000000001066e-01,7.866808060892107601e-01,-2.429702020874401569e+00
6.209999999999999964e-01,7.842477824739061409e-01,-2.436315198842294194e+00
6.220000000000001084e-01,7.818081756915262748e-01,-2.442868283899883863e+00
6.229999999999999982e-01,7.793620459061062489e-01,-2.449361134279627095e+00
6.240000000000001101e-01,7.769094534229671334e-01,-2.455793609176907921e+00
6.250000000000000000e-01,7.744504586877524188e-01,-2.462165568753960088e+00
6.260000000000001119e-01,7.719851222854592354e-01,-2.468476874137877530e+00
6.270000000000000018e-01,7.695135049394765669e-01,-2.474727387424252356e+00
6.280000000000001137e-01,7.670356675106108080e-01,-2.480916971675640070e+00
6.290000000000000036e-01,7.645516709961251989e-01,-2.487045490924117530e+00
6.300000000000001155e-01,7.620615765287626076e-01,-2.493112810170771354e+00
6.310000000000000053e-01,7.595654453757836322e-01,-2.499118795388028502e+00
6.320000000000001172e-01,7.570633389379867184e-01,-2.505063313518576251e+00
6.330000000000000071e-01,7.545553187487463731e-01,-2.510946232477010653e+00
6.340000000000001190e-01,7.520414464730327264e-01,-2.516767421150518658e+00
6.350000000000000089e-01,7.495217839064453047e-01,-2.522526749399901291e+00
6.360000000000001208e-01,7.469963929742330366e-01,-2.528224088057982044e+00
6.370000000000000107e-01,7.444653357303292474e-01,-2.533859308932676413e+00
6.380000000000001226e-01,7.419286743563677788e-01,-2.539432284806025564e+00
6.390000000000000124e-01,7.393864711607170959e-01,-2.544942889435219513e+00
6.400000000000001243e-01,7.368387885774974055e-01,-2.550390997552312911e+00
6.410000000000000142e-01,7.342856891656123208e-01,-2.555776484865987186e+00
6.420000000000001261e-01,7.317272356077655360e-01,-2.561099228058935751e+00
6.430000000000000160e-01,7.291634907094943774e-01,-2.566359104791558821e+00
6.440000000000001279e-01,7.265945173981825933e-01,-2.571555993700258114e+00
6.450000000000000178e-01,7.240203787220936826e-01,-2.576689774397380006e+00
6.460000000000001297e-01,7.214411378493879035e-01,-2.581760327472750305e+00
6.470000000000000195e-01,7.188568580671480523e-01,-2.586767534492651066e+00
6.480000000000001315e-01,7.162676027804026901e-01,-2.591711277999422691e+00
6.490000000000000213e-01,7.136734355111491457e-01,-2.596591441512828169e+00
6.500000000000001332e-01,7.110744198973769636e-01,-2.601407909528973050e+00
6.510000000000000231e-01,7.084706196920912413e-01,-2.606160567520873883e+00
6.520000000000001350e-01,7.058620987623354104e-01,-2.610849301937264499e+00
6.530000000000000249e-01,7.032489210882165720e-01,-2.615474000203676042e+00
6.540000000000001368e-01,7.006311507619280565e-01,-2.620034550721584310e+00
6.550000000000000266e-01,6.980088519867733154e-01,-2.624530842868296077e+00
6.560000000000001386e-01,6.953820890761914786e-01,-2.628962766995186939e+00
6.570000000000000284e-01,6.927509264527829114e-01,-2.633330214430486649e+00
6.580000000000001403e-01,6.901154286473305532e-01,-2.637633077475868504e+00
6.590000000000000302e-01,6.874756602978311371e-01,-2.641871249407472533e+00
6.600000000000001421e-01,6.848316861485157503e-01,-2.646044624474484408e+00
6.610000000000000320e-01,6.821835710488821647e-01,-2.650153097899362820e+00
6.620000000000001439e-01,6.795313799527170628e-01,-2.654196565877100511e+00
6.630000000000000338e-01,6.768751779171278127e-01,-2.658174925574712688e+00
6.640000000000001457e-01,6.742150301015676916e-01,-2.662088075129474873e+00
6.650000000000000355e-01,6.715510017668688825e-01,-2.665935913649605027e+00
6.659999999999999254e-01,6.688831582742691406e-01,-2.669718341211819279e+00
6.670000000000000373e-01,6.662115650844452341e-01,-2.673435258862241426e+00
6.679999999999999272e-01,6.635362877565444961e-01,-2.677086568615209217e+00
6.690000000000000391e-01,6.608573919472148228e-01,-2.680672173450034279e+00
6.699999999999999289e-01,6.581749434096442197e-01,-2.684191977313503230e+00
6.710000000000000409e-01,6.554890079925879132e-01,-2.687645885115671263e+00
6.719999999999999307e-01,6.527996516394128923e-01,-2.691033802731055857e+00
6.730000000000000426e-01,6.501069403871257979e-01,-2.694355636996419889e+00
6.739999999999999325e-01,6.474109403654199069e-01,-2.697611295710089507e+00
6.750000000000000444e-01,6.447117177957056855e-01,-2.700800687629055119e+00
6.759999999999999343e-01,6.420093389901616598e-01,-2.703923722470051416e+00
6.770000000000000462e-01,6.393038703507656351e-01,-2.706980310907113108e+00
6.779999999999999361e-01,6.365953783683473421e-01,-2.709970364569585399e+00
6.790000000000000480e-01,6.338839296216265407e-01,-2.712893796041271344e+00
6.799999999999999378e-01,6.311695907762646662e-01,-2.715750518859238127e+00
6.810000000000000497e-01,6.284524285839080404e-01,-2.718540447511372804e+00
6.819999999999999396e-01,6.257325098812419606e-01,-2.721263497435870704e+00
6.830000000000000515e-01,6.230099015890363523e-01,-2.723919585018165890e+00
6.839999999999999414e-01,6.202846707112056324e-01,-2.726508627589907974e+00
6.850000000000000533e-01,6.175568843338565816e-01,-2.729030543428905276e+00
6.859999999999999432e-01,6.148266096243476531e-01,-2.731485251753667853e+00
6.870000000000000551e-01,6.120939138303492788e-01,-2.733872672723521191e+00
6.879999999999999449e-01,6.093588642789006249e-01,-2.736192727438094607e+00
6.890000000000000568e-01,6.066215283754731180e-01,-2.738445337932375878e+00
6.899999999999999467e-01,6.038819736030358598e-01,-2.740630427176427020e+00
6.910000000000000586e-01,6.011402675211202640e-01,-2.742747919073622143e+00
6.919999999999999485e-01,5.983964777648884681e-01,-2.744797738457407377e+00
6.930000000000000604e-01,5.956506720442055203e-01,-2.746779811088288170e+00
6.939999999999999503e-01,5.929029181427118989e-01,-2.748694063654284037e+00
6.950000000000000622e-01,5.901532839168970312e-01,-2.750540423765983178e+00
6.959999999999999520e-01,5.874018372951798073e-01,-2.752318819956201423e+00
6.970000000000000639e-01,5.846486462769846515e-01,-2.754029181675093696e+00
6.979999999999999538e-01,5.818937789318295861e-01,-2.755671439289869795e+00
6.990000000000000657e-01,5.791373033984049679e-01,-2.757245524081213262e+00
6.999999999999999556e-01,5.763792878836671019e-01,-2.758751368241007640e+00
7.010000000000000675e-01,5.736198006619229739e-01,-2.760188904869266935e+00
7.019999999999999574e-01,5.708589100739285271e-01,-2.761558067971179753e+00
7.030000000000000693e-01,5.680966845259807219e-01,-2.762858792454494505e+00
7.039999999999999591e-01,5.653331924890194760e-01,-2.764091014128212009e+00
7.050000000000000711e-01,5.625685024977243875e-01,-2.765254669696844303e+00
7.059999999999999609e-01,5.598026831496257794e-01,-2.766349696759277776e+00
7.070000000000000728e-01,5.570358031042058622e-01,-2.767376033805703628e+00
7.079999999999999627e-01,5.542679310820142202e-01,-2.768333620213525137e+00
7.090000000000000746e-01,5.514991358637789665e-01,-2.769222396244856554e+00
7.099999999999999645e-01,5.487294862895244485e-01,-2.770042303043453558e+00
7.110000000000000764e-01,5.459590512576921739e-01,-2.770793282630108934e+00
7.119999999999999662e-01,5.431878997242641782e-01,-2.771475277902368362e+00
7.130000000000000782e-01,5.404161007018873919e-01,-2.772088232627083926e+00
7.139999999999999680e-01,5.376437232590099979e-01,-2.772632091439675150e+00
7.150000000000000799e-01,5.348708365190081304e-01,-2.773106799839581527e+00
7.159999999999999698e-01,5.320975096593307807e-01,-2.773512304186908750e+00
7.170000000000000817e-01,5.293238119106342676e-01,-2.773848551699188647e+00
7.179999999999999716e-01,5.265498125559323617e-01,-2.774115490446547483e+00
7.190000000000000835e-01,5.237755809297411913e-01,-2.774313069348465888e+00
7.199999999999999734e-01,5.210011864172353624e-01,-2.774441238170425095e+00
7.210000000000000853e-01,5.182266984534003029e-01,-2.774499947518677345e+00
7.219999999999999751e-01,5.154521865221979304e-01,-2.774489148837972152e+00
7.230000000000000870e-01,5.126777201557244368e-01,-2.774408794406042489e+00
7.239999999999999769e-01,5.099033689333858366e-01,-2.774258837329739436e+00
7.250000000000000888e-01,5.071292024810649668e-01,-2.774039231541422623e+00
7.259999999999999787e-01,5.043552904703029194e-01,-2.773749931794895929e+00
7.270000000000000906e-01,5.015817026174752558e-01,-2.773390893659041012e+00
7.279999999999999805e-01,4.988085086829848191e-01,-2.772962073515628845e+00
7.290000000000000924e-01,4.960357784704440554e-01,-2.772463428554601705e+00
7.299999999999999822e-01,4.932635818258755411e-01,-2.771894916768417261e+00
7.310000000000000941e-01,4.904919886369072390e-01,-2.771256496947984260e+00
7.319999999999999840e-01,4.877210688319795207e-01,-2.770548128678228750e+00
7.330000000000000959e-01,4.849508923795508575e-01,-2.769769772332779212e+00
7.339999999999999858e-01,4.821815292873139480e-01,-2.768921389070300165e+00
7.350000000000000977e-01,4.794130496014103460e-01,-2.768002940827614111e+00
7.359999999999999876e-01,4.766455234056586332e-01,-2.767014390316887784e+00
7.370000000000000995e-01,4.738790208207765975e-01,-2.765955701019578328e+00
7.379999999999999893e-01,4.711136120036193975e-01,-2.764826837180748953e+00
7.390000000000001013e-01,4.683493671464150632e-01,-2.763627763804720416e+00
7.399999999999999911e-01,4.655863564760099327e-01,-2.762358446650125643e+00
7.410000000000001030e-01,4.628246502531148665e-01,-2.761018852223145359e+00
7.419999999999999929e-01,4.600643187715636184e-01,-2.759608947774154331e+00
7.430000000000001048e-01,4.573054323575665991e-01,-2.758128701290445406e+00
7.439999999999999947e-01,4.545480613689826810e-01,-2.756578081491142029e+00
7.450000000000001066e-01,4.517922761945843413e-01,-2.754957057822338129e+00
7.459999999999999964e-01,4.490381472533379603e-01,-2.753265600450959028e+00
7.470000000000001084e-01,4.462857449936824539e-01,-2.751503680258281292e+00
7.479999999999999982e-01,4.435351398928213951e-01,-2.749671268835243154e+00
7.490000000000001101e-01,4.407864024560119720e-01,-2.747768338475935934e+00
7.500000000000000000e-01,4.380396032158694886e-01,-2.745794862171550221e+00
7.510000000000001119e-01,4.352948127316689231e-01,-2.743750813604464156e+00
7.520000000000000018e-01,4.325521015886605314e-01,-2.741636167142360136e+00
7.530000000000001137e-01,4.298115403973842286e-01,-2.739450897830920439e+00
7.540000000000000036e-01,4.270731997929986257e-01,-2.737194981389137638e+00
7.550000000000001155e-01,4.243371504346059031e-01,-2.734868394201839692e+00
7.560000000000000053e-01,4.216034630045949472e-01,-2.732471113313152955e+00
7.570000000000001172e-01,4.188722082079796016e-01,-2.730003116420903098e+00
7.580000000000000071e-01,4.161434567717530730e-01,-2.727464381869168619e+00
7.590000000000001190e-01,4.134172794442412813e-01,-2.724854888641488060e+00
7.600000000000000089e-01,4.106937469944700325e-01,-2.722174616354692489e+00
7.610000000000001208e-01,4.079729302115319145e-01,-2.719423545251800078e+00
7.620000000000000107e-01,4.052548999039664035e-01,-2.716601656194967518e+00
7.630000000000001226e-01,4.025397268991420252e-01,-2.713708930658270901e+00
7.640000000000000124e-01,3.998274820426497844e-01,-2.710745350721765590e+00
7.650000000000001243e-01,3.971182361976984820e-01,-2.707710899062391263e+00
7.660000000000000142e-01,3.944120602445249091e-01,-2.704605558948316002e+00
7.670000000000001261e-01,3.917090250798019313e-01,-2.701429314230608725e+00
7.680000000000000160e-01,3.890092016160636712e-01,-2.698182149336787461e+00
7.690000000000001279e-01,3.863126607811284141e-01,-2.694864049261838090e+00
7.700000000000000178e-01,3.836194735175399440e-01,-2.691474999562558423e+00
7.710000000000001297e-01,3.809297107820033279e-01,-2.688014986348008506e+00
7.720000000000000195e-01,3.782434435448439047e-01,-2.684483996272746253e+00
7.730000000000001315e-01,3.755607427894578909e-01,-2.680882016528698841e+00
7.740000000000000213e-01,3.728816795117864680e-01,-2.677209034837574109e+00
7.750000000000001332e-01,3.702063247197828200e-01,-2.673465039442305624e+00
7.760000000000000231e-01,3.675347494329018194e-01,-2.669650019099151450e+00
7.770000000000001350e-01,3.648670246815845508e-01,-2.665763963069565534e+00
7.780000000000000249e-01,3.622032215067626515e-01,-2.661806861112069100e+00
7.790000000000001368e-01,3.595434109593604322e-01,-2.657778703473070436e+00
7.800000000000000266e-01,3.568876640998164818e-01,-2.653679480879702623e+00
7.810000000000001386e-01,3.542360519976011091e-01,-2.649509184530273842e+00
7.820000000000000284e-01,3.515886457307558777e-01,-2.645267806085769280e+00
7.830000000000001403e-01,3.489455163854295328e-01,-2.640955337661353042e+00
7.840000000000000302e-01,3.463067350554331347e-01,-2.636571771817102672e+00
7.850000000000001421e-01,3.436723728417953039e-01,-2.632117101550193183e+00
7.860000000000000320e-01,3.410425008523327306e-01,-2.627591320284807352e+00
7.870000000000001439e-01,3.384171902012257371e-01,-2.622994421862699710e+00
7.880000000000000338e-01,3.357965120086072730e-01,-2.618326400535750054e+00
7.890000000000001457e-01,3.331805374001542974e-01,-2.613587250954822139e+00
7.900000000000000355e-01,3.305693375066975914e-01,-2.608776968161237164e+00
7.910000000000001474e-01,3.279629834638317920e-01,-2.603895547577366187e+00
7.920000000000000373e-01,3.253615464115428013e-01,-2.598942984997165695e+00
7.929999999999999272e-01,3.227650974938380268e-01,-2.593919276575945787e+00
7.940000000000000391e-01,3.201737078583908880e-01,-2.588824418821019435e+00
7.949999999999999289e-01,3.175874486561959253e-01,-2.583658408581840149e+00
7.960000000000000409e-01,3.150063910412272405e-01,-2.578421243039741739e+00
7.969999999999999307e-01,3.124306061701163650e-01,-2.573112919698473888e+00
7.980000000000000426e-01,3.098601652018302954e-01,-2.567733436373742961e+00
7.989999999999999325e-01,3.072951392973688467e-01,-2.562282791182781239e+00
8.000000000000000444e-01,3.047355996194647254e-01,-2.556760982534001414e+00
8.009999999999999343e-01,3.021816173323008670e-01,-2.551168009117361635e+00
8.020000000000000462e-01,2.996332636012299933e-01,-2.545503869892769444e+00
8.029999999999999361e-01,2.970906095925152646e-01,-2.539768564080020496e+00
8.040000000000000480e-01,2.945537264730699878e-01,-2.533962091147969886e+00
8.049999999999999378e-01,2.920226854102193070e-01,-2.528084450803874006e+00
8.060000000000000497e-01,2.894975575714622829e-01,-2.522135642982050285e+00
8.069999999999999396e-01,2.869784141242552322e-01,-2.516115667833076941e+00
8.080000000000000515e-01,2.844653262357961787e-01,-2.510024525712765353e+00
8.089999999999999414e-01,2.819583650728296753e-01,-2.503862217171018756e+00
8.100000000000000533e-01,2.794576018014541252e-01,-2.497628742939582480e+00
8.109999999999999432e-01,2.769631075869504744e-01,-2.491324103922039512e+00
8.120000000000000551e-01,2.744749535936100715e-01,-2.484948301181390207e+00
8.129999999999999449e-01,2.719932109845876189e-01,-2.478501335928285698e+00
8.140000000000000568e-01,2.695179509217535685e-01,-2.471983209509602375e+00
8.149999999999999467e-01,2.670492445655683889e-01,-2.465393923396476339e+00
8.160000000000000586e-01,2.645871630749606074e-01,-2.458733479172764191e+00
8.169999999999999485e-01,2.621317776072228378e-01,-2.452001878521798517e+00
8.180000000000000604e-01,2.596831593179170228e-01,-2.445199123215331838e+00
8.189999999999999503e-01,2.572413793607921662e-01,-2.438325215101528443e+00
8.200000000000000622e-01,2.548065088877139450e-01,-2.431380156090725109e+00
8.209999999999999520e-01,2.523786190486106973e-01,-2.424363948145028758e+00
8.220000000000000639e-01,2.499577809914239335e-01,-2.417276593264546136e+00
8.229999999999999538e-01,2.475440658620816081e-01,-2.410118093474679313e+00
8.240000000000000657e-01,2.451375448044745831e-01,-2.402888450813620125e+00
8.249999999999999556e-01,2.427382889604543514e-01,-2.395587667319745151e+00
8.260000000000000675e-01,2.403463694698351194e-01,-2.388215745017376435e+00
8.269999999999999574e-01,2.379618574704195633e-01,-2.380772685904815944e+00
8.280000000000000693e-01,2.355848240980255026e-01,-2.373258491940532622e+00
8.289999999999999591e-01,2.332153404865384694e-01,-2.365673165029718916e+00
8.300000000000000711e-01,2.308534777679660810e-01,-2.358016707011060475e+00
8.309999999999999609e-01,2.284993070725163111e-01,-2.350289119642781088e+00
8.320000000000000728e-01,2.261528995286805344e-01,-2.342490404589113950e+00
8.329999999999999627e-01,2.238143262633380814e-01,-2.334620563406517135e+00
8.340000000000000746e-01,2.214836584018675114e-01,-2.326679597529405896e+00
8.349999999999999645e-01,2.191609670682792554e-01,-2.318667508256254450e+00
8.360000000000000764e-01,2.168463233853550332e-01,-2.310584296735584076e+00
8.369999999999999662e-01,2.145397984748080578e-01,-2.302429963951510672e+00
8.380000000000000782e-01,2.122414634574520120e-01,-2.294204510708823364e+00
8.389999999999999680e-01,2.099513894533903968e-01,-2.285907937619171548e+00
8.400000000000000799e-01,2.076696475822137067e-01,-2.277540245086001391e+00
8.409999999999999698e-01,2.053963089632183658e-01,-2.269101433290089176e+00
8.420000000000000817e-01,2.031314447156335468e-01,-2.260591502173753042e+00
8.429999999999999716e-01,2.008751259588708316e-01,-2.252010451426997406e+00
8.440000000000000835e-01,1.986274238127795633e-01,-2.243358280471412058e+00
8.449999999999999734e-01,1.963884093979280099e-01,-2.234634988445421300e+00
8.460000000000000853e-01,1.941581538358887193e-01,-2.225840574188993060e+00
8.469999999999999751e-01,1.919367282495500204e-01,-2.216975036227196938e+00
8.480000000000000870e-01,1.897242037634343237e-01,-2.208038372755609657e+00
8.489999999999999769e-01,1.875206515040387656e-01,-2.199030581624157321e+00
8.500000000000000888e-01,1.853261426001860390e-01,-2.189951660321085569e+00
8.509999999999999787e-01,1.831407481833965678e-01,-2.180801605956787625e+00
8.520000000000000906e-01,1.809645393882724496e-01,-2.171580415248200779e+00
8.529999999999999805e-01,1.787975873529001336e-01,-2.162288084502336005e+00
8.540000000000000924e-01,1.766399632192677815e-01,-2.152924609599097039e+00
8.549999999999999822e-01,1.744917381337019180e-01,-2.143489985976032131e+00
8.560000000000000941e-01,1.723529832473157386e-01,-2.133984208610598898e+00
8.569999999999999840e-01,1.702237697164806773e-01,-2.124407272004177116e+00
8.580000000000000959e-01,1.681041687033074106e-01,-2.114759170164347779e+00
8.589999999999999858e-01,1.659942513761519522e-01,-2.105039896588451143e+00
8.600000000000000977e-01,1.638940889101305198e-01,-2.095249444246221060e+00
8.609999999999999876e-01,1.618037524876594913e-01,-2.085387805562277208e+00
8.620000000000000995e-01,1.597233132990059645e-01,-2.075454972398816267e+00
8.629999999999999893e-01,1.576528425428618541e-01,-2.065450936038132568e+00
8.640000000000001013e-01,1.555924114269297276e-01,-2.055375687164598730e+00
8.649999999999999911e-01,1.535420911685326240e-01,-2.045229215847513160e+00
8.660000000000001030e-01,1.515019529952347233e-01,-2.035011511521815919e+00
8.669999999999999929e-01,1.494720681454889677e-01,-2.024722562971064121e+00
8.680000000000001048e-01,1.474525078692926205e-01,-2.014362358309341516e+00
8.689999999999999947e-01,1.454433434288702476e-01,-2.003930884961604875e+00
8.700000000000001066e-01,1.434446460993694106e-01,-1.993428129645877789e+00
8.709999999999999964e-01,1.414564871695784820e-01,-1.982854078355202887e+00
8.720000000000001084e-01,1.394789379426590314e-01,-1.972208716337846113e+00
8.729999999999999982e-01,1.375120697369027478e-01,-1.961492028078325234e+00
8.740000000000001101e-01,1.355559538865023783e-01,-1.950703997279049418e+00
8.750000000000000000e-01,1.336106617423446219e-01,-1.939844606841006680e+00
8.760000000000001119e-01,1.316762646728203701e-01,-1.928913838843328676e+00
8.770000000000000018e-01,1.297528340646579570e-01,-1.917911674524859222e+00
8.780000000000001137e-01,1.278404413237706760e-01,-1.906838094263918038e+00
8.790000000000000036e-01,1.259391578761301367e-01,-1.895693077559236883e+00
8.800000000000001155e-01,1.240490551686522086e-01,-1.884476603008799600e+00
8.810000000000000053e-01,1.221702046701125255e-01,-1.873188648290394553e+00
8.820000000000001172e-01,1.203026778720714257e-01,-1.861829190141762069e+00
8.830000000000000071e-01,1.184465462898289800e-01,-1.850398204339441577e+00
8.840000000000001190e-01,1.166018814633925649e-01,-1.838895665678691671e+00
8.850000000000000089e-01,1.147687549584715805e-01,-1.827321547952422520e+00
8.860000000000001208e-01,1.129472383674877262e-01,-1.815675823930753552e+00
8.870000000000000107e-01,1.111374033106100612e-01,-1.803958465339945860e+00
8.880000000000001226e-01,1.093393214368078431e-01,-1.792169442840773286e+00
8.890000000000000124e-01,1.075530644249284989e-01,-1.780308726007667985e+00
8.900000000000001243e-01,1.057787039847925270e-01,-1.768376283307411256e+00
8.910000000000000142e-01,1.040163118583136703e-01,-1.756372082077390928e+00
8.920000000000001261e-01,1.022659598206377557e-01,-1.744296088503020314e+00
8.930000000000000160e-01,1.005277196813076090e-01,-1.732148267597231950e+00
8.940000000000001279e-01,9.880166328544330578e-02,-1.719928583177420478e+00
8.950000000000000178e-01,9.708786251495275799e-02,-1.707636997843799520e+00
8.960000000000001297e-01,9.538638928975572140e-02,-1.695273472956415617e+00
8.970000000000000195e-01,9.369731556903991565e-02,-1.682837968612830082e+00
8.980000000000001315e-01,9.202071335253007855e-02,-1.670330443625971384e+00
8.990000000000000213e-01,9.035665468178796789e-02,-1.657750855500268017e+00
9.000000000000001332e-01,8.870521164152954385e-02,-1.645099160409536410e+00
9.010000000000000231e-01,8.706645636096888019e-02,-1.632375313173483278e+00
9.020000000000001350e-01,8.544046101518258662e-02,-1.619579267233930864e+00
9.030000000000000249e-01,8.382729782650101547e-02,-1.606710974632072464e+00
9.040000000000001368e-01,8.222703906591845302e-02,-1.593770385984271343e+00
9.050000000000000266e-01,8.063975705453245435e-02,-1.580757450458300184e+00
9.060000000000001386e-01,7.906552416500187142e-02,-1.567672115749509487e+00
9.070000000000000284e-01,7.750441282303342783e-02,-1.554514328056882277e+00
9.080000000000001403e-01,7.595649550888812496e-02,-1.541284032057966158e+00
9.090000000000000302e-01,7.442184475891749917e-02,-1.527981170884793016e+00
9.100000000000001421e-01,7.290053316711853082e-02,-1.514605686099557147e+00
9.110000000000000320e-01,7.139263338671836268e-02,-1.501157517669618358e+00
9.120000000000001439e-01,6.989821813177929388e-02,-1.487636603941858482e+00
9.130000000000000338e-01,6.841736017883462417e-02,-1.474042881618231604e+00
9.140000000000001457e-01,6.695013236854284455e-02,-1.460376285730113466e+00
9.150000000000000355e-01,6.549660760737437137e-02,-1.446636749613169570e+00
9.160000000000001474e-01,6.405685886931651585e-02,-1.432824204880994046e+00
9.170000000000000373e-01,6.263095919761237085e-02,-1.418938581399764587e+00
9.180000000000001492e-01,6.121898170651698945e-02,-1.404979807262183300e+00
9.190000000000000391e-01,5.982099958308799426e-02,-1.390947808760799376e+00
9.199999999999999289e-01,5.843708608899569890e-02,-1.376842510362379812e+00
9.210000000000000409e-01,5.706731456236324024e-02,-1.362663834680610364e+00
9.219999999999999307e-01,5.571175841963447312e-02,-1.348411702449613614e+00
9.230000000000000426e-01,5.437049115746401401e-02,-1.334086032497580732e+00
9.239999999999999325e-01,5.304358635463930077e-02,-1.319686741718602008e+00
9.250000000000000444e-01,5.173111767402682054e-02,-1.305213745046042817e+00
9.259999999999999343e-01,5.043315886454720343e-02,-1.290666955425336937e+00
9.270000000000000462e-01,4.914978376317615666e-02,-1.276046283785770896e+00
9.279999999999999361e-01,4.788106629697565231e-02,-1.261351639012740833e+00
9.290000000000000480e-01,4.662708048515067788e-02,-1.246582927919757111e+00
9.299999999999999378e-01,4.538790044113612948e-02,-1.231740055221081320e+00
9.310000000000000497e-01,4.416360037470851846e-02,-1.216822923501904796e+00
9.319999999999999396e-01,4.295425459413231006e-02,-1.201831433190516663e+00
9.330000000000000515e-01,4.175993750832748125e-02,-1.186765482529878568e+00
9.339999999999999414e-01,4.058072362907255010e-02,-1.171624967548133611e+00
9.350000000000000533e-01,3.941668757323121830e-02,-1.156409782029601985e+00
9.359999999999999432e-01,3.826790406501334035e-02,-1.141119817485652277e+00
9.370000000000000551e-01,3.713444793825991519e-02,-1.125754963125032759e+00
9.379999999999999449e-01,3.601639413876326495e-02,-1.110315105823666215e+00
9.390000000000000568e-01,3.491381772661258931e-02,-1.094800130095897828e+00
9.399999999999999467e-01,3.382679387857146641e-02,-1.079209918063682494e+00
9.410000000000000586e-01,3.275539789048523276e-02,-1.063544349425779245e+00
9.419999999999999485e-01,3.169970517971990032e-02,-1.047803301428146483e+00
9.430000000000000604e-01,3.065979128762894718e-02,-1.031986648833088438e+00
9.439999999999999503e-01,2.963573188205371328e-02,-1.016094263888110305e+00
9.450000000000000622e-01,2.862760275985273134e-02,-1.000126016295009634e+00
9.459999999999999520e-01,2.763547984946368441e-02,-9.840817731783193523e-01
9.470000000000000639e-01,2.665943921349609932e-02,-9.679613990539976953e-01
9.479999999999999538e-01,2.569955705135568147e-02,-9.517647557980737361e-01
9.490000000000000657e-01,2.475590970189995785e-02,-9.354917026141666980e-01
9.499999999999999556e-01,2.382857364612733786e-02,-9.191420960018383823e-01
9.510000000000000675e-01,2.291762550989628194e-02,-9.027157897241142592e-01
9.519999999999999574e-01,2.202314206667910224e-02,-8.862126347750383104e-01
9.530000000000000693e-01,2.114520024034620763e-02,-8.696324793467784531e-01
9.539999999999999591e-01,2.028387710798553942e-02,-8.529751687969362450e-01
9.550000000000000711e-01,1.943924990275234035e-02,-8.362405456152188776e-01
9.559999999999999609e-01,1.861139601675509264e-02,-8.194284493907613154e-01
9.570000000000000728e-01,1.780039300397082136e-02,-8.025387167774518105e-01
9.579999999999999627e-01,1.700631858320018203e-02,-7.855711814606678445e-01
9.590000000000000746e-01,1.622925064104948842e-02,-7.685256741241213163e-01
9.599999999999999645e-01,1.546926723495193300e-02,-7.514020224143944660e-01
9.610000000000000764e-01,1.472644659622070022e-02,-7.342000509069608327e-01
9.619999999999999662e-01,1.400086713313800600e-02,-7.169195810723261175e-01
9.630000000000000782e-01,1.329260743407605257e-02,-6.995604312402052827e-01
9.639999999999999680e-01,1.260174627065758883e-02,-6.821224165647556958e-01
9.650000000000000799e-01,1.192836260094654564e-02,-6.646053489896521782e-01
9.659999999999999698e-01,1.127253557267827826e-02,-6.470090372120704814e-01
9.670000000000000817e-01,1.063434452652240944e-02,-6.293332866473511089e-01
9.679999999999999716e-01,1.001386899938357111e-02,-6.115778993933309593e-01
9.690000000000000835e-01,9.411188727735752754e-03,-5.937426741933391483e-01
9.699999999999999734e-01,8.826383650996888486e-03,-5.758274064005144410e-01
9.710000000000000853e-01,8.259533914934728133e-03,-5.578318879408756814e-01
9.719999999999999751e-01,7.710719875115130961e-03,-5.397559072765427679e-01
9.730000000000000870e-01,7.180022100381646018e-03,-5.215992493693146770e-01
9.739999999999999769e-01,6.667521376376495980e-03,-5.033616956421314015e-01
9.750000000000000888e-01,6.173298709097386518e-03,-4.850430239421621437e-01
9.759999999999999787e-01,5.697435328492166454e-03,-4.666430085039539044e-01
9.770000000000000906e-01,5.240012692089481700e-03,-4.481614199100345530e-01
9.779999999999999805e-01,4.801112488672092116e-03,-4.295980250531323819e-01
9.790000000000000924e-01,4.380816641983220107e-03,-4.109525870983770091e-01
9.799999999999999822e-01,3.979207314475332290e-03,-3.922248654436590876e-01
9.810000000000000941e-01,3.596366911095905897e-03,-3.734146156813744621e-01
9.819999999999999840e-01,3.232378083112578179e-03,-3.545215895593809563e-01
9.830000000000000959e-01,2.887323731977147964e-03,-3.355455349409637300e-01
9.839999999999999858e-01,2.561287013230645511e-03,-3.164861957656508462e-01
9.850000000000000977e-01,2.254351340445850255e-03,-2.973433120090094306e-01
9.859999999999999876e-01,1.966600389212621539e-03,-2.781166196428844772e-01
9.870000000000000995e-01,1.698118101160085280e-03,-2.588058505951956745e-01
9.879999999999999893e-01,1.448988688022225142e-03,-2.394107327088157433e-01
9.890000000000001013e-01,1.219296635742457731e-03,-2.199309897007920567e-01
9.899999999999999911e-01,1.009126708620636291e-03,-2.003663411213402190e-01
9.910000000000001030e-01,8.185639534997814258e-04,-1.807165023129495007e-01
9.919999999999999929e-01,6.476937039947323763e-04,-1.609811843682422139e-01
9.930000000000001048e-01,4.966015847633010929e-04,-1.411600940880821109e-01
9.939999999999999947e-01,3.653735158185634807e-04,-1.212529339401282880e-01
9.950000000000001066e-01,2.540957168830487722e-04,-1.012594020155591634e-01
9.959999999999999964e-01,1.628547117874405486e-04,-8.117919198722345353e-02
9.970000000000001084e-01,9.173733290860623289e-05,-6.101199306649145171e-02
9.979999999999999982e-01,4.083072565445303761e-05,-4.075748996015041148e-02
9.990000000000001101e-01,1.022235298830984623e-05,-2.041536282722423642e-02
1.000000000000000000e+00,0.000000000000000000e+00,-2.934314939770366060e-05
